{"assets":{"A487CE730D809FCDA4FA2D00FE69E832":{"type":"texture","index":8,"assetRequest":{"type":"slide","state":"contents","slide":"none"},"url":{"native":"assets\/8083A130-498B-49F8-A9AC-EF8167668844.pdf"},"width":152,"height":62},"8C896A164D83EDAA03FCC86A9EE275AA":{"type":"texture","index":2,"assetRequest":{"type":"slide","state":"contents","slide":"none"},"url":{"native":"assets\/8083A130-498B-49F8-A9AC-EF8167668844.pdf"},"width":791,"height":111},"93A88D5EBB0FCD84F32EC826763E2B5E":{"type":"texture","index":7,"assetRequest":{"type":"slide","state":"contents","slide":"none"},"url":{"native":"assets\/8083A130-498B-49F8-A9AC-EF8167668844.pdf"},"width":322,"height":313},"C1BCB6E67D6B65EA059107557CAE628B":{"type":"texture","index":11,"assetRequest":{"type":"slide","state":"contents","slide":"none"},"url":{"native":"assets\/8083A130-498B-49F8-A9AC-EF8167668844.pdf"},"width":479,"height":193},"6F68BBFCF3D4DF3987978EB915E0686E":{"type":"texture","index":9,"assetRequest":{"type":"slide","state":"contents","slide":"none"},"url":{"native":"assets\/8083A130-498B-49F8-A9AC-EF8167668844.pdf"},"width":479,"height":287},"95B6E8576268669B7323EA9185D816F7":{"type":"texture","index":3,"assetRequest":{"type":"slide","state":"contents","slide":"none"},"url":{"native":"assets\/8083A130-498B-49F8-A9AC-EF8167668844.pdf"},"width":1284,"height":89},"A0A13F90FE00FD057146ED5129F8D1CD":{"type":"texture","index":1,"assetRequest":{"type":"slide","state":"contents","slide":"none"},"url":{"native":"assets\/8083A130-498B-49F8-A9AC-EF8167668844.pdf"},"width":502,"height":166},"6185393FBEB469DD2146DAB9E7C06AED":{"type":"texture","index":4,"assetRequest":{"type":"slide","state":"contents","slide":"none"},"url":{"native":"assets\/8083A130-498B-49F8-A9AC-EF8167668844.pdf"},"width":1409,"height":112},"32D295946EB008DFB9C77B4CDB456AC1":{"type":"texture","index":0,"assetRequest":{"type":"slide","state":"contents","slide":"none"},"url":{"native":"assets\/8083A130-498B-49F8-A9AC-EF8167668844.pdf"},"width":1920,"height":1080},"D80428CFDDCB397D9A6A6B7D62BCE48C":{"type":"texture","index":5,"assetRequest":{"type":"slide","state":"contents","slide":"none"},"url":{"native":"assets\/8083A130-498B-49F8-A9AC-EF8167668844.pdf"},"width":477,"height":66},"C4E861441A89A5E3ABFA8A5DBF7DBFF5":{"type":"texture","index":6,"assetRequest":{"type":"slide","state":"contents","slide":"none"},"url":{"native":"assets\/8083A130-498B-49F8-A9AC-EF8167668844.pdf"},"width":499,"height":81},"1742283D4EACAF13FCF93B1582E1E449":{"type":"texture","index":10,"assetRequest":{"type":"slide","state":"contents","slide":"none"},"url":{"native":"assets\/8083A130-498B-49F8-A9AC-EF8167668844.pdf"},"width":479,"height":193}},"events":[{"effects":[{"beginTime":0,"baseLayer":{"animations":[],"initialState":{"affineTransform":[1,0,0,1,0,0],"masksToBounds":false,"rotation":0,"scale":1,"position":{"pointX":934.30389404296875,"pointY":377.26016235351562},"width":791,"sublayerTransform":[1,0,0,0,0,1,0,0,0,0,1,0,0,0,0,1],"contentsRect":{"y":0,"x":0,"width":1,"height":1},"opacity":1,"edgeAntialiasingMask":251658240,"height":111,"hidden":false,"anchorPoint":{"pointX":0.5,"pointY":0.5}},"objectID":"4AFB0D0B-A731-411E-9CFE-1E8E933DCD73","layers":[{"animations":[],"initialState":{"affineTransform":[1,0,0,1,0,0],"masksToBounds":false,"rotation":0,"scale":1,"position":{"pointX":421.19610595703125,"pointY":218.23983764648438},"width":791,"sublayerTransform":[1,0,0,0,0,1,0,0,0,0,1,-0.00035007912466775983,0,0,0,1],"contentsRect":{"y":0,"x":0,"width":1,"height":1},"opacity":1,"edgeAntialiasingMask":251658240,"height":111,"hidden":false,"anchorPoint":{"pointX":0.53248559539447693,"pointY":1.9661246634818412}},"layers":[{"animations":[{"additive":false,"timeOffset":0,"beginTime":1e-100,"repeatCount":0,"fillMode":"both","duration":0.20000000000000001,"autoreverses":false,"animations":[{"repeatCount":0,"removedOnCompletion":true,"from":{"scalar":0},"timingFunction":"EaseInEaseOut","additive":false,"timeOffset":0,"autoreverses":false,"property":"opacity","fillMode":"both","duration":0.20000000000000001,"beginTime":0,"to":{"scalar":1}},{"additive":false,"timeOffset":0,"beginTime":0,"from":{"scalar":false},"repeatCount":0,"fillMode":"forwards","duration":0.20000000000000001,"autoreverses":false,"property":"hidden","to":{"scalar":false},"removedOnCompletion":true}],"removedOnCompletion":false}],"layers":[],"texturedRectangle":{"singleTextureOpacity":1,"textXHeight":0.50074378378378381,"textBaseline":0.75749601464013794,"isBackgroundTexture":true,"isVerticalText":false,"textColor":[1,0,0.8456418514251709,1],"textureType":6},"initialState":{"affineTransform":[1,0,0,1,0,0],"masksToBounds":false,"rotation":0,"scale":1,"position":{"pointX":437.69610595703125,"pointY":85.739837646484375},"width":791,"sublayerTransform":[1,0,0,0,0,1,0,0,0,0,1,0,0,0,0,1],"contentsRect":{"y":0,"x":0,"width":1,"height":1},"opacity":1,"edgeAntialiasingMask":0,"height":111,"hidden":true,"anchorPoint":{"pointX":0.5,"pointY":0.5}},"texture":"8C896A164D83EDAA03FCC86A9EE275AA"}]}]},"effects":[{"beginTime":0.29999999999999999,"baseLayer":{"animations":[],"initialState":{"affineTransform":[1,0,0,1,0,0],"masksToBounds":false,"rotation":0,"scale":1,"position":{"pointX":933.3287353515625,"pointY":583.94451904296875},"width":1409,"sublayerTransform":[1,0,0,0,0,1,0,0,0,0,1,0,0,0,0,1],"contentsRect":{"y":0,"x":0,"width":1,"height":1},"opacity":1,"edgeAntialiasingMask":251658240,"height":112,"hidden":false,"anchorPoint":{"pointX":0.5,"pointY":0.5}},"objectID":"74C120F4-6483-4E38-8E82-D6FDAD032202","layers":[{"animations":[],"initialState":{"affineTransform":[1,0,0,1,0,0],"masksToBounds":false,"rotation":0,"scale":1,"position":{"pointX":731.1712646484375,"pointY":12.05548095703125},"width":1409,"sublayerTransform":[1,0,0,0,0,1,0,0,0,0,1,-0.00035007912466775983,0,0,0,1],"contentsRect":{"y":0,"x":0,"width":1,"height":1},"opacity":1,"edgeAntialiasingMask":251658240,"height":112,"hidden":false,"anchorPoint":{"pointX":0.51892921550634319,"pointY":0.10763822283063616}},"layers":[{"animations":[{"additive":false,"timeOffset":0,"beginTime":0.29999999999999999,"repeatCount":0,"fillMode":"both","duration":0.20000000000000001,"autoreverses":false,"animations":[{"repeatCount":0,"removedOnCompletion":true,"from":{"scalar":0},"timingFunction":"EaseInEaseOut","additive":false,"timeOffset":0,"autoreverses":false,"property":"opacity","fillMode":"both","duration":0.20000000000000001,"beginTime":0,"to":{"scalar":1}},{"additive":false,"timeOffset":0,"beginTime":0,"from":{"scalar":false},"repeatCount":0,"fillMode":"forwards","duration":0.20000000000000001,"autoreverses":false,"property":"hidden","to":{"scalar":false},"removedOnCompletion":true}],"removedOnCompletion":false}],"layers":[],"texturedRectangle":{"singleTextureOpacity":1,"textXHeight":0.49627285714285713,"textBaseline":0.76130727066525394,"isBackgroundTexture":true,"isVerticalText":false,"textColor":[1,0,0.8456418514251709,1],"textureType":6},"initialState":{"affineTransform":[1,0,0,1,0,0],"masksToBounds":false,"rotation":0,"scale":1,"position":{"pointX":747.6712646484375,"pointY":85.05548095703125},"width":1409,"sublayerTransform":[1,0,0,0,0,1,0,0,0,0,1,0,0,0,0,1],"contentsRect":{"y":0,"x":0,"width":1,"height":1},"opacity":1,"edgeAntialiasingMask":0,"height":112,"hidden":true,"anchorPoint":{"pointX":0.5,"pointY":0.5}},"texture":"6185393FBEB469DD2146DAB9E7C06AED"}]}]},"effects":[{"beginTime":0.29999999999999999,"baseLayer":{"animations":[],"initialState":{"affineTransform":[1,0,0,1,0,0],"masksToBounds":false,"rotation":0,"scale":1,"position":{"pointX":933.37957763671875,"pointY":778.62890625},"width":1284,"sublayerTransform":[1,0,0,0,0,1,0,0,0,0,1,0,0,0,0,1],"contentsRect":{"y":0,"x":0,"width":1,"height":1},"opacity":1,"edgeAntialiasingMask":251658240,"height":89,"hidden":false,"anchorPoint":{"pointX":0.5,"pointY":0.5}},"objectID":"8DCB9568-8588-45B4-8F11-A5B91993BC66","layers":[{"animations":[],"initialState":{"affineTransform":[1,0,0,1,0,0],"masksToBounds":false,"rotation":0,"scale":1,"position":{"pointX":668.62042236328125,"pointY":-194.12890625},"width":1284,"sublayerTransform":[1,0,0,0,0,1,0,0,0,0,1,-0.00035007912466775983,0,0,0,1],"contentsRect":{"y":0,"x":0,"width":1,"height":1},"opacity":1,"edgeAntialiasingMask":251658240,"height":89,"hidden":false,"anchorPoint":{"pointX":0.52073241617077981,"pointY":-2.1812236657303372}},"layers":[{"animations":[{"additive":false,"timeOffset":0,"beginTime":0.29999999999999999,"repeatCount":0,"fillMode":"both","duration":0.20000000000000001,"autoreverses":false,"animations":[{"repeatCount":0,"removedOnCompletion":true,"from":{"scalar":0},"timingFunction":"EaseInEaseOut","additive":false,"timeOffset":0,"autoreverses":false,"property":"opacity","fillMode":"both","duration":0.20000000000000001,"beginTime":0,"to":{"scalar":1}},{"additive":false,"timeOffset":0,"beginTime":0,"from":{"scalar":false},"repeatCount":0,"fillMode":"forwards","duration":0.20000000000000001,"autoreverses":false,"property":"hidden","to":{"scalar":false},"removedOnCompletion":true}],"removedOnCompletion":false}],"layers":[],"texturedRectangle":{"singleTextureOpacity":1,"textXHeight":0.63083146067415741,"textBaseline":0.95425618498512865,"isBackgroundTexture":true,"isVerticalText":false,"textColor":[1,0,0.8456418514251709,1],"textureType":6},"initialState":{"affineTransform":[1,0,0,1,0,0],"masksToBounds":false,"rotation":0,"scale":1,"position":{"pointX":688.62042236328125,"pointY":73.37109375},"width":1284,"sublayerTransform":[1,0,0,0,0,1,0,0,0,0,1,0,0,0,0,1],"contentsRect":{"y":0,"x":0,"width":1,"height":1},"opacity":1,"edgeAntialiasingMask":0,"height":89,"hidden":true,"anchorPoint":{"pointX":0.5,"pointY":0.5}},"texture":"95B6E8576268669B7323EA9185D816F7"}]}]},"effects":[],"duration":0.20000000000000001,"type":"buildIn","attributes":{"KNBuildCustomAttributesShine":true,"direction":0,"KNBuildCustomAttributesScaleAmount":70},"name":"com.apple.iWork.Keynote.FromDarkness","objectID":"8DCB9568-8588-45B4-8F11-A5B91993BC66"}],"duration":0.20000000000000001,"type":"buildIn","attributes":{"KNBuildCustomAttributesShine":true,"direction":0,"KNBuildCustomAttributesScaleAmount":70},"name":"com.apple.iWork.Keynote.FromDarkness","objectID":"74C120F4-6483-4E38-8E82-D6FDAD032202"}],"duration":0.20000000000000001,"type":"buildIn","attributes":{"KNBuildCustomAttributesShine":true,"direction":0,"KNBuildCustomAttributesScaleAmount":70},"name":"com.apple.iWork.Keynote.FromDarkness","objectID":"4AFB0D0B-A731-411E-9CFE-1E8E933DCD73"}],"automaticPlay":false,"hyperlinks":[],"accessibility":[{"text":"Drawbacks of ","targetRectangle":{"y":41.232330322265625,"x":721.14599967157835,"width":489.63600073224313,"height":84.199965953826904}},{"text":"Data Sharding","targetRectangle":{"y":125.39233813524206,"x":707.3279996434153,"width":502.82400073224289,"height":84.199965953826904}}],"baseLayer":{"animations":[],"initialState":{"affineTransform":[1,0,0,1,0,0],"masksToBounds":false,"rotation":0,"scale":1,"position":{"pointX":960,"pointY":540},"width":1920,"sublayerTransform":[1,0,0,0,0,1,0,0,0,0,1,0,0,0,0,1],"contentsRect":{"y":0,"x":0,"width":1,"height":1},"opacity":1,"edgeAntialiasingMask":251658240,"height":1080,"hidden":false,"anchorPoint":{"pointX":0.5,"pointY":0.5}},"layers":[{"animations":[],"initialState":{"affineTransform":[1,0,0,1,0,0],"masksToBounds":false,"rotation":0,"scale":1,"position":{"pointX":960,"pointY":540},"width":1920,"sublayerTransform":[1,0,0,0,0,1,0,0,0,0,1,0,0,0,0,1],"contentsRect":{"y":0,"x":0,"width":1,"height":1},"opacity":1,"edgeAntialiasingMask":251658240,"height":1080,"hidden":false,"anchorPoint":{"pointX":0.5,"pointY":0.5}},"layers":[{"animations":[],"initialState":{"affineTransform":[1,0,0,1,0,0],"masksToBounds":false,"rotation":0,"scale":1,"position":{"pointX":960,"pointY":540},"width":1920,"sublayerTransform":[1,0,0,0,0,1,0,0,0,0,1,0,0,0,0,1],"contentsRect":{"y":0,"x":0,"width":1,"height":1},"opacity":1,"edgeAntialiasingMask":251658240,"height":1080,"hidden":false,"anchorPoint":{"pointX":0.5,"pointY":0.5}},"layers":[{"animations":[],"layers":[],"texturedRectangle":{"isBackgroundTexture":true,"singleTextureOpacity":1,"textureType":1,"textBaseline":0,"textXHeight":0,"isVerticalText":false},"initialState":{"affineTransform":[1,0,0,1,0,0],"masksToBounds":false,"rotation":0,"scale":1,"position":{"pointX":960,"pointY":540},"width":1920,"sublayerTransform":[1,0,0,0,0,1,0,0,0,0,1,0,0,0,0,1],"contentsRect":{"y":0,"x":0,"width":1,"height":1},"opacity":1,"edgeAntialiasingMask":0,"height":1080,"hidden":false,"anchorPoint":{"pointX":0.5,"pointY":0.5}},"texture":"32D295946EB008DFB9C77B4CDB456AC1"}]}]},{"animations":[],"initialState":{"affineTransform":[1,0,0,1,0,0],"masksToBounds":false,"rotation":0,"scale":1,"position":{"pointX":960,"pointY":540},"width":1920,"sublayerTransform":[1,0,0,0,0,1,0,0,0,0,1,0,0,0,0,1],"contentsRect":{"y":0,"x":0,"width":1,"height":1},"opacity":1,"edgeAntialiasingMask":251658240,"height":1080,"hidden":false,"anchorPoint":{"pointX":0.5,"pointY":0.5}},"layers":[{"animations":[],"initialState":{"affineTransform":[1,0,0,1,0,0],"masksToBounds":false,"rotation":0,"scale":1,"position":{"pointX":346.4866943359375,"pointY":117.23233032226561},"width":502,"sublayerTransform":[1,0,0,0,0,1,0,0,0,0,1,0,0,0,0,1],"contentsRect":{"y":0,"x":0,"width":1,"height":1},"opacity":1,"edgeAntialiasingMask":251658240,"height":166,"hidden":false,"anchorPoint":{"pointX":0.5,"pointY":0.5}},"layers":[{"animations":[],"layers":[],"texturedRectangle":{"singleTextureOpacity":1,"textXHeight":0.24491566265060244,"textBaseline":0.88308591283947346,"isBackgroundTexture":true,"isVerticalText":false,"textColor":[0.11887545138597488,0.59490293264389038,0.99351197481155396,1],"textureType":6},"initialState":{"affineTransform":[1,0,0,1,0,0],"masksToBounds":false,"rotation":0,"scale":1,"position":{"pointX":866.5133056640625,"pointY":90.767669677734389},"width":502,"sublayerTransform":[1,0,0,0,0,1,0,0,0,0,1,0,0,0,0,1],"contentsRect":{"y":0,"x":0,"width":1,"height":1},"opacity":1,"edgeAntialiasingMask":0,"height":166,"hidden":false,"anchorPoint":{"pointX":0.5,"pointY":0.5}},"texture":"A0A13F90FE00FD057146ED5129F8D1CD"}]}]},{"animations":[],"initialState":{"affineTransform":[1,0,0,1,0,0],"masksToBounds":false,"rotation":0,"scale":1,"position":{"pointX":960,"pointY":540},"width":1920,"sublayerTransform":[1,0,0,0,0,1,0,0,0,0,1,0,0,0,0,1],"contentsRect":{"y":0,"x":0,"width":1,"height":1},"opacity":1,"edgeAntialiasingMask":251658240,"height":1080,"hidden":false,"anchorPoint":{"pointX":0.5,"pointY":0.5}},"layers":[{"animations":[],"initialState":{"affineTransform":[1,0,0,1,0,0],"masksToBounds":false,"rotation":0,"scale":1,"position":{"pointX":934.30389404296875,"pointY":377.26016235351562},"width":791,"sublayerTransform":[1,0,0,0,0,1,0,0,0,0,1,0,0,0,0,1],"contentsRect":{"y":0,"x":0,"width":1,"height":1},"opacity":1,"edgeAntialiasingMask":251658240,"height":111,"hidden":false,"anchorPoint":{"pointX":0.5,"pointY":0.5}},"objectID":"4AFB0D0B-A731-411E-9CFE-1E8E933DCD73","layers":[{"animations":[],"layers":[],"texturedRectangle":{"singleTextureOpacity":1,"textXHeight":0.50074378378378381,"textBaseline":0.75749601464013794,"isBackgroundTexture":true,"isVerticalText":false,"textColor":[1,0,0.8456418514251709,1],"textureType":6},"initialState":{"affineTransform":[1,0,0,1,0,0],"masksToBounds":false,"rotation":0,"scale":1,"position":{"pointX":437.69610595703125,"pointY":85.739837646484375},"width":791,"sublayerTransform":[1,0,0,0,0,1,0,0,0,0,1,0,0,0,0,1],"contentsRect":{"y":0,"x":0,"width":1,"height":1},"opacity":1,"edgeAntialiasingMask":0,"height":111,"hidden":true,"anchorPoint":{"pointX":0.5,"pointY":0.5}},"texture":"8C896A164D83EDAA03FCC86A9EE275AA"}]}]},{"animations":[],"initialState":{"affineTransform":[1,0,0,1,0,0],"masksToBounds":false,"rotation":0,"scale":1,"position":{"pointX":960,"pointY":540},"width":1920,"sublayerTransform":[1,0,0,0,0,1,0,0,0,0,1,0,0,0,0,1],"contentsRect":{"y":0,"x":0,"width":1,"height":1},"opacity":1,"edgeAntialiasingMask":251658240,"height":1080,"hidden":false,"anchorPoint":{"pointX":0.5,"pointY":0.5}},"layers":[{"animations":[],"initialState":{"affineTransform":[1,0,0,1,0,0],"masksToBounds":false,"rotation":0,"scale":1,"position":{"pointX":933.37957763671875,"pointY":778.62890625},"width":1284,"sublayerTransform":[1,0,0,0,0,1,0,0,0,0,1,0,0,0,0,1],"contentsRect":{"y":0,"x":0,"width":1,"height":1},"opacity":1,"edgeAntialiasingMask":251658240,"height":89,"hidden":false,"anchorPoint":{"pointX":0.5,"pointY":0.5}},"objectID":"8DCB9568-8588-45B4-8F11-A5B91993BC66","layers":[{"animations":[],"layers":[],"texturedRectangle":{"singleTextureOpacity":1,"textXHeight":0.63083146067415741,"textBaseline":0.95425618498512865,"isBackgroundTexture":true,"isVerticalText":false,"textColor":[1,0,0.8456418514251709,1],"textureType":6},"initialState":{"affineTransform":[1,0,0,1,0,0],"masksToBounds":false,"rotation":0,"scale":1,"position":{"pointX":688.62042236328125,"pointY":73.37109375},"width":1284,"sublayerTransform":[1,0,0,0,0,1,0,0,0,0,1,0,0,0,0,1],"contentsRect":{"y":0,"x":0,"width":1,"height":1},"opacity":1,"edgeAntialiasingMask":0,"height":89,"hidden":true,"anchorPoint":{"pointX":0.5,"pointY":0.5}},"texture":"95B6E8576268669B7323EA9185D816F7"}]}]},{"animations":[],"initialState":{"affineTransform":[1,0,0,1,0,0],"masksToBounds":false,"rotation":0,"scale":1,"position":{"pointX":960,"pointY":540},"width":1920,"sublayerTransform":[1,0,0,0,0,1,0,0,0,0,1,0,0,0,0,1],"contentsRect":{"y":0,"x":0,"width":1,"height":1},"opacity":1,"edgeAntialiasingMask":251658240,"height":1080,"hidden":false,"anchorPoint":{"pointX":0.5,"pointY":0.5}},"layers":[{"animations":[],"initialState":{"affineTransform":[1,0,0,1,0,0],"masksToBounds":false,"rotation":0,"scale":1,"position":{"pointX":933.3287353515625,"pointY":583.94451904296875},"width":1409,"sublayerTransform":[1,0,0,0,0,1,0,0,0,0,1,0,0,0,0,1],"contentsRect":{"y":0,"x":0,"width":1,"height":1},"opacity":1,"edgeAntialiasingMask":251658240,"height":112,"hidden":false,"anchorPoint":{"pointX":0.5,"pointY":0.5}},"objectID":"74C120F4-6483-4E38-8E82-D6FDAD032202","layers":[{"animations":[],"layers":[],"texturedRectangle":{"singleTextureOpacity":1,"textXHeight":0.49627285714285713,"textBaseline":0.76130727066525394,"isBackgroundTexture":true,"isVerticalText":false,"textColor":[1,0,0.8456418514251709,1],"textureType":6},"initialState":{"affineTransform":[1,0,0,1,0,0],"masksToBounds":false,"rotation":0,"scale":1,"position":{"pointX":747.6712646484375,"pointY":85.05548095703125},"width":1409,"sublayerTransform":[1,0,0,0,0,1,0,0,0,0,1,0,0,0,0,1],"contentsRect":{"y":0,"x":0,"width":1,"height":1},"opacity":1,"edgeAntialiasingMask":0,"height":112,"hidden":true,"anchorPoint":{"pointX":0.5,"pointY":0.5}},"texture":"6185393FBEB469DD2146DAB9E7C06AED"}]}]}]}},{"effects":[{"beginTime":0,"baseLayer":{"animations":[],"initialState":{"affineTransform":[1,0,0,1,0,0],"masksToBounds":false,"rotation":0,"scale":1,"position":{"pointX":960,"pointY":540},"width":1920,"sublayerTransform":[1,0,0,0,0,1,0,0,0,0,1,0,0,0,0,1],"contentsRect":{"y":0,"x":0,"width":1,"height":1},"opacity":1,"edgeAntialiasingMask":251658240,"height":1080,"hidden":false,"anchorPoint":{"pointX":0.5,"pointY":0.5}},"objectID":"0","layers":[{"animations":[],"initialState":{"affineTransform":[1,0,0,1,0,0],"masksToBounds":false,"rotation":0,"scale":1,"position":{"pointX":960,"pointY":540},"width":1920,"sublayerTransform":[1,0,0,0,0,1,0,0,0,0,1,-0.00035007912466775983,0,0,0,1],"contentsRect":{"y":0,"x":0,"width":1,"height":1},"opacity":1,"edgeAntialiasingMask":251658240,"height":1080,"hidden":false,"anchorPoint":{"pointX":0.5,"pointY":0.5}},"layers":[{"animations":[],"initialState":{"affineTransform":[1,0,0,1,0,0],"masksToBounds":false,"rotation":0,"scale":1,"position":{"pointX":960,"pointY":540},"width":1920,"sublayerTransform":[1,0,0,0,0,1,0,0,0,0,1,0,0,0,0,1],"contentsRect":{"y":0,"x":0,"width":1,"height":1},"opacity":1,"edgeAntialiasingMask":251658240,"height":1080,"hidden":false,"anchorPoint":{"pointX":0.5,"pointY":0.5}},"layers":[{"animations":[{"repeatCount":0,"removedOnCompletion":false,"from":{"scalar":false},"timingFunction":"EaseInEaseOut","additive":false,"timeOffset":0,"autoreverses":false,"property":"hidden","fillMode":"both","duration":0.89999997615814209,"beginTime":0,"to":{"scalar":false}}],"layers":[],"texturedRectangle":{"isBackgroundTexture":true,"singleTextureOpacity":1,"textureType":1,"textBaseline":0,"textXHeight":0,"isVerticalText":false},"initialState":{"affineTransform":[1,0,0,1,0,0],"masksToBounds":false,"rotation":0,"scale":1,"position":{"pointX":960,"pointY":540},"width":1920,"sublayerTransform":[1,0,0,0,0,1,0,0,0,0,1,0,0,0,0,1],"contentsRect":{"y":0,"x":0,"width":1,"height":1},"opacity":1,"edgeAntialiasingMask":0,"height":1080,"hidden":false,"anchorPoint":{"pointX":0.5,"pointY":0.5}},"texture":"32D295946EB008DFB9C77B4CDB456AC1"}]}]},{"animations":[],"initialState":{"affineTransform":[1,0,0,1,0,0],"masksToBounds":false,"rotation":0,"scale":1,"position":{"pointX":344.9866943359375,"pointY":117.23233032226561},"width":499,"sublayerTransform":[1,0,0,0,0,1,0,0,0,0,1,0,0,0,0,1],"contentsRect":{"y":0,"x":0,"width":1,"height":1},"opacity":1,"edgeAntialiasingMask":251658240,"height":166,"hidden":false,"anchorPoint":{"pointX":0.5,"pointY":0.5}},"layers":[{"animations":[],"initialState":{"affineTransform":[1,0,0,1,0,0],"masksToBounds":false,"rotation":0,"scale":1,"position":{"pointX":864.5133056640625,"pointY":505.76766967773438},"width":499,"sublayerTransform":[1,0,0,0,0,1,0,0,0,0,1,-0.00035007912466775983,0,0,0,1],"contentsRect":{"y":0,"x":0,"width":1,"height":1},"opacity":1,"edgeAntialiasingMask":251658240,"height":166,"hidden":false,"anchorPoint":{"pointX":1.7324915945171593,"pointY":3.046793190829725}},"layers":[{"animations":[{"additive":false,"timeOffset":0,"beginTime":0,"repeatCount":0,"fillMode":"both","duration":0.89999997615814209,"autoreverses":false,"animations":[{"additive":false,"timeOffset":0,"beginTime":0,"from":{"scalar":false},"repeatCount":0,"fillMode":"removed","duration":0.89999997615814209,"autoreverses":false,"property":"doubleSided","to":{"scalar":false},"removedOnCompletion":true},{"additive":false,"timeOffset":0,"beginTime":0,"from":{"scalar":false},"repeatCount":0,"fillMode":"both","duration":0.89999997615814209,"autoreverses":false,"property":"hidden","to":{"scalar":false},"removedOnCompletion":true},{"repeatCount":0,"removedOnCompletion":true,"timingFunctions":[{"timingFunction":"Linear"},{"timingFunction":"Linear"},{"timingFunction":"Linear"}],"keyTimes":[0,0.25,0.45000000000000001,1],"additive":false,"values":[{"scalar":1},{"scalar":1},{"scalar":0},{"scalar":0}],"timeOffset":0,"autoreverses":false,"property":"opacity","fillMode":"both","duration":0.70532107749724138,"beginTime":0.030321095378634765},{"additive":false,"timeOffset":0,"beginTime":0.030321095378634765,"from":{"scalar":-249.5},"repeatCount":0,"fillMode":"removed","duration":0.70532107749724138,"autoreverses":false,"property":"anchorPointZ","to":{"scalar":-249.5},"removedOnCompletion":true},{"additive":false,"timeOffset":0,"beginTime":0.030321095378634765,"from":{"scalar":-249.5},"repeatCount":0,"fillMode":"removed","duration":0.70532107749724138,"autoreverses":false,"property":"zPosition","to":{"scalar":-249.5},"removedOnCompletion":true},{"repeatCount":0,"removedOnCompletion":true,"timingFunctions":[{"timingFunction":"custom","timingControlPoint1y":0,"timingControlPoint2x":0.69943994283676147,"timingControlPoint1x":0.39822623133659363,"timingControlPoint2y":1},{"timingFunction":"custom","timingControlPoint1y":0,"timingControlPoint2x":0.66777867078781128,"timingControlPoint1x":0,"timingControlPoint2y":1},{"timingFunction":"custom","timingControlPoint1y":0,"timingControlPoint2x":0.72271472215652466,"timingControlPoint1x":0.25086906552314758,"timingControlPoint2y":1},{"timingFunction":"custom","timingControlPoint1y":0,"timingControlPoint2x":0.40365099906921387,"timingControlPoint1x":0.28133058547973633,"timingControlPoint2y":1}],"keyTimes":[0,0.20000000000000001,0.37699999928474426,0.59999999999999998,1],"additive":false,"values":[{"scalar":0},{"scalar":-0.20943951023931953},{"scalar":1.7455474181508288},{"scalar":1.4660765716752369},{"scalar":1.5707963267948966}],"timeOffset":0,"autoreverses":false,"property":"transform.rotation.y","fillMode":"removed","duration":0.70532107749724138,"beginTime":0.030321095378634765}],"removedOnCompletion":false}],"layers":[],"texturedRectangle":{"singleTextureOpacity":1,"textXHeight":0.6160000000000001,"textBaseline":0.94594323815721459,"isBackgroundTexture":false,"isVerticalText":false,"textColor":[0.11887545138597488,0.59490293264389038,0.99351197481155396,1],"textureType":6},"initialState":{"affineTransform":[1,0,0,1,0,0],"masksToBounds":false,"rotation":0,"scale":1,"position":{"pointX":868.0133056640625,"pointY":40.767669677734389},"width":477,"sublayerTransform":[1,0,0,0,0,1,0,0,0,0,1,0,0,0,0,1],"contentsRect":{"y":0,"x":0,"width":1,"height":1},"opacity":1,"edgeAntialiasingMask":0,"height":66,"hidden":false,"anchorPoint":{"pointX":0.5,"pointY":0.5}},"texture":"D80428CFDDCB397D9A6A6B7D62BCE48C"}]},{"animations":[],"initialState":{"affineTransform":[1,0,0,1,0,0],"masksToBounds":false,"rotation":0,"scale":1,"position":{"pointX":864.5133056640625,"pointY":505.76766967773438},"width":499,"sublayerTransform":[1,0,0,0,0,1,0,0,0,0,1,-0.00035007912466775983,0,0,0,1],"contentsRect":{"y":0,"x":0,"width":1,"height":1},"opacity":1,"edgeAntialiasingMask":251658240,"height":166,"hidden":false,"anchorPoint":{"pointX":1.7324915945171593,"pointY":3.046793190829725}},"layers":[{"animations":[{"additive":false,"timeOffset":0,"beginTime":0,"repeatCount":0,"fillMode":"both","duration":0.89999997615814209,"autoreverses":false,"animations":[{"additive":false,"timeOffset":0,"beginTime":0,"from":{"scalar":false},"repeatCount":0,"fillMode":"removed","duration":0.89999997615814209,"autoreverses":false,"property":"doubleSided","to":{"scalar":false},"removedOnCompletion":true},{"additive":false,"timeOffset":0,"beginTime":0,"from":{"scalar":false},"repeatCount":0,"fillMode":"both","duration":0.89999997615814209,"autoreverses":false,"property":"hidden","to":{"scalar":false},"removedOnCompletion":true},{"repeatCount":0,"removedOnCompletion":true,"timingFunctions":[{"timingFunction":"Linear"},{"timingFunction":"Linear"},{"timingFunction":"Linear"}],"keyTimes":[0,0.25,0.45000000000000001,1],"additive":false,"values":[{"scalar":1},{"scalar":1},{"scalar":0},{"scalar":0}],"timeOffset":0,"autoreverses":false,"property":"opacity","fillMode":"both","duration":0.70532107749724138,"beginTime":0.030321095378634765},{"additive":false,"timeOffset":0,"beginTime":0.030321095378634765,"from":{"scalar":-249.5},"repeatCount":0,"fillMode":"removed","duration":0.70532107749724138,"autoreverses":false,"property":"anchorPointZ","to":{"scalar":-249.5},"removedOnCompletion":true},{"additive":false,"timeOffset":0,"beginTime":0.030321095378634765,"from":{"scalar":-249.5},"repeatCount":0,"fillMode":"removed","duration":0.70532107749724138,"autoreverses":false,"property":"zPosition","to":{"scalar":-249.5},"removedOnCompletion":true},{"repeatCount":0,"removedOnCompletion":true,"timingFunctions":[{"timingFunction":"custom","timingControlPoint1y":0,"timingControlPoint2x":0.69943994283676147,"timingControlPoint1x":0.39822623133659363,"timingControlPoint2y":1},{"timingFunction":"custom","timingControlPoint1y":0,"timingControlPoint2x":0.66777867078781128,"timingControlPoint1x":0,"timingControlPoint2y":1},{"timingFunction":"custom","timingControlPoint1y":0,"timingControlPoint2x":0.72271472215652466,"timingControlPoint1x":0.25086906552314758,"timingControlPoint2y":1},{"timingFunction":"custom","timingControlPoint1y":0,"timingControlPoint2x":0.40365099906921387,"timingControlPoint1x":0.28133058547973633,"timingControlPoint2y":1}],"keyTimes":[0,0.20000000000000001,0.37699999928474426,0.59999999999999998,1],"additive":false,"values":[{"scalar":0},{"scalar":-0.20943951023931953},{"scalar":1.7439475330031673},{"scalar":1.4660765716752369},{"scalar":1.5707963267948966}],"timeOffset":0,"autoreverses":false,"property":"transform.rotation.y","fillMode":"removed","duration":0.70532107749724138,"beginTime":0.030321095378634765}],"removedOnCompletion":false}],"layers":[],"texturedRectangle":{"singleTextureOpacity":1,"textXHeight":0.501925925925926,"textBaseline":0.76039829051052577,"isBackgroundTexture":false,"isVerticalText":false,"textColor":[0.11887545138597488,0.59490293264389038,0.99351197481155396,1],"textureType":6},"initialState":{"affineTransform":[1,0,0,1,0,0],"masksToBounds":false,"rotation":0,"scale":1,"position":{"pointX":865.0133056640625,"pointY":133.26766967773438},"width":499,"sublayerTransform":[1,0,0,0,0,1,0,0,0,0,1,0,0,0,0,1],"contentsRect":{"y":0,"x":0,"width":1,"height":1},"opacity":1,"edgeAntialiasingMask":0,"height":81,"hidden":false,"anchorPoint":{"pointX":0.5,"pointY":0.5}},"texture":"C4E861441A89A5E3ABFA8A5DBF7DBFF5"}]}]},{"animations":[],"initialState":{"affineTransform":[1,0,0,1,0,0],"masksToBounds":false,"rotation":0,"scale":1,"position":{"pointX":934.30389404296875,"pointY":377.26016235351562},"width":791,"sublayerTransform":[1,0,0,0,0,1,0,0,0,0,1,0,0,0,0,1],"contentsRect":{"y":0,"x":0,"width":1,"height":1},"opacity":1,"edgeAntialiasingMask":251658240,"height":111,"hidden":false,"anchorPoint":{"pointX":0.5,"pointY":0.5}},"layers":[{"animations":[],"initialState":{"affineTransform":[1,0,0,1,0,0],"masksToBounds":false,"rotation":0,"scale":1,"position":{"pointX":421.19610595703125,"pointY":218.23983764648438},"width":791,"sublayerTransform":[1,0,0,0,0,1,0,0,0,0,1,-0.00035007912466775983,0,0,0,1],"contentsRect":{"y":0,"x":0,"width":1,"height":1},"opacity":1,"edgeAntialiasingMask":251658240,"height":111,"hidden":false,"anchorPoint":{"pointX":0.53248559539447693,"pointY":1.9661246634818412}},"layers":[{"animations":[{"additive":false,"timeOffset":0,"beginTime":0,"repeatCount":0,"fillMode":"both","duration":0.89999997615814209,"autoreverses":false,"animations":[{"additive":false,"timeOffset":0,"beginTime":0,"from":{"scalar":false},"repeatCount":0,"fillMode":"removed","duration":0.89999997615814209,"autoreverses":false,"property":"doubleSided","to":{"scalar":false},"removedOnCompletion":true},{"additive":false,"timeOffset":0,"beginTime":0,"from":{"scalar":false},"repeatCount":0,"fillMode":"both","duration":0.89999997615814209,"autoreverses":false,"property":"hidden","to":{"scalar":false},"removedOnCompletion":true},{"repeatCount":0,"removedOnCompletion":true,"timingFunctions":[{"timingFunction":"Linear"},{"timingFunction":"Linear"},{"timingFunction":"Linear"}],"keyTimes":[0,0.25,0.45000000000000001,1],"additive":false,"values":[{"scalar":1},{"scalar":1},{"scalar":0},{"scalar":0}],"timeOffset":0,"autoreverses":false,"property":"opacity","fillMode":"both","duration":0.7571165331306311,"beginTime":0.08211655101202453},{"additive":false,"timeOffset":0,"beginTime":0.08211655101202453,"from":{"scalar":-395.5},"repeatCount":0,"fillMode":"removed","duration":0.7571165331306311,"autoreverses":false,"property":"anchorPointZ","to":{"scalar":-395.5},"removedOnCompletion":true},{"additive":false,"timeOffset":0,"beginTime":0.08211655101202453,"from":{"scalar":-395.5},"repeatCount":0,"fillMode":"removed","duration":0.7571165331306311,"autoreverses":false,"property":"zPosition","to":{"scalar":-395.5},"removedOnCompletion":true},{"repeatCount":0,"removedOnCompletion":true,"timingFunctions":[{"timingFunction":"custom","timingControlPoint1y":0,"timingControlPoint2x":0.69943994283676147,"timingControlPoint1x":0.39822623133659363,"timingControlPoint2y":1},{"timingFunction":"custom","timingControlPoint1y":0,"timingControlPoint2x":0.66777867078781128,"timingControlPoint1x":0,"timingControlPoint2y":1},{"timingFunction":"custom","timingControlPoint1y":0,"timingControlPoint2x":0.72271472215652466,"timingControlPoint1x":0.25086906552314758,"timingControlPoint2y":1},{"timingFunction":"custom","timingControlPoint1y":0,"timingControlPoint2x":0.40365099906921387,"timingControlPoint1x":0.28133058547973633,"timingControlPoint2y":1}],"keyTimes":[0,0.20000000000000001,0.37699999928474426,0.59999999999999998,1],"additive":false,"values":[{"scalar":0},{"scalar":-0.20943951023931953},{"scalar":1.7227126937705697},{"scalar":1.4660765716752369},{"scalar":1.5707963267948966}],"timeOffset":0,"autoreverses":false,"property":"transform.rotation.y","fillMode":"removed","duration":0.7571165331306311,"beginTime":0.08211655101202453}],"removedOnCompletion":false}],"layers":[],"texturedRectangle":{"singleTextureOpacity":1,"textXHeight":0.50074378378378381,"textBaseline":0.75749601464013794,"isBackgroundTexture":true,"isVerticalText":false,"textColor":[1,0,0.8456418514251709,1],"textureType":6},"initialState":{"affineTransform":[1,0,0,1,0,0],"masksToBounds":false,"rotation":0,"scale":1,"position":{"pointX":437.69610595703125,"pointY":85.739837646484375},"width":791,"sublayerTransform":[1,0,0,0,0,1,0,0,0,0,1,0,0,0,0,1],"contentsRect":{"y":0,"x":0,"width":1,"height":1},"opacity":1,"edgeAntialiasingMask":0,"height":111,"hidden":false,"anchorPoint":{"pointX":0.5,"pointY":0.5}},"texture":"8C896A164D83EDAA03FCC86A9EE275AA"}]}]},{"animations":[],"initialState":{"affineTransform":[1,0,0,1,0,0],"masksToBounds":false,"rotation":0,"scale":1,"position":{"pointX":933.37957763671875,"pointY":778.62890625},"width":1284,"sublayerTransform":[1,0,0,0,0,1,0,0,0,0,1,0,0,0,0,1],"contentsRect":{"y":0,"x":0,"width":1,"height":1},"opacity":1,"edgeAntialiasingMask":251658240,"height":89,"hidden":false,"anchorPoint":{"pointX":0.5,"pointY":0.5}},"layers":[{"animations":[],"initialState":{"affineTransform":[1,0,0,1,0,0],"masksToBounds":false,"rotation":0,"scale":1,"position":{"pointX":668.62042236328125,"pointY":-194.12890625},"width":1284,"sublayerTransform":[1,0,0,0,0,1,0,0,0,0,1,-0.00035007912466775983,0,0,0,1],"contentsRect":{"y":0,"x":0,"width":1,"height":1},"opacity":1,"edgeAntialiasingMask":251658240,"height":89,"hidden":false,"anchorPoint":{"pointX":0.52073241617077981,"pointY":-2.1812236657303372}},"layers":[{"animations":[{"additive":false,"timeOffset":0,"beginTime":0,"repeatCount":0,"fillMode":"both","duration":0.89999997615814209,"autoreverses":false,"animations":[{"additive":false,"timeOffset":0,"beginTime":0,"from":{"scalar":false},"repeatCount":0,"fillMode":"removed","duration":0.89999997615814209,"autoreverses":false,"property":"doubleSided","to":{"scalar":false},"removedOnCompletion":true},{"additive":false,"timeOffset":0,"beginTime":0,"from":{"scalar":false},"repeatCount":0,"fillMode":"both","duration":0.89999997615814209,"autoreverses":false,"property":"hidden","to":{"scalar":false},"removedOnCompletion":true},{"repeatCount":0,"removedOnCompletion":true,"timingFunctions":[{"timingFunction":"Linear"},{"timingFunction":"Linear"},{"timingFunction":"Linear"}],"keyTimes":[0,0.25,0.45000000000000001,1],"additive":false,"values":[{"scalar":1},{"scalar":1},{"scalar":0},{"scalar":0}],"timeOffset":0,"autoreverses":false,"property":"opacity","fillMode":"both","duration":0.75703529438614015,"beginTime":0.082035312267533564},{"additive":false,"timeOffset":0,"beginTime":0.082035312267533564,"from":{"scalar":-642},"repeatCount":0,"fillMode":"removed","duration":0.75703529438614015,"autoreverses":false,"property":"anchorPointZ","to":{"scalar":-642},"removedOnCompletion":true},{"additive":false,"timeOffset":0,"beginTime":0.082035312267533564,"from":{"scalar":-642},"repeatCount":0,"fillMode":"removed","duration":0.75703529438614015,"autoreverses":false,"property":"zPosition","to":{"scalar":-642},"removedOnCompletion":true},{"repeatCount":0,"removedOnCompletion":true,"timingFunctions":[{"timingFunction":"custom","timingControlPoint1y":0,"timingControlPoint2x":0.69943994283676147,"timingControlPoint1x":0.39822623133659363,"timingControlPoint2y":1},{"timingFunction":"custom","timingControlPoint1y":0,"timingControlPoint2x":0.66777867078781128,"timingControlPoint1x":0,"timingControlPoint2y":1},{"timingFunction":"custom","timingControlPoint1y":0,"timingControlPoint2x":0.72271472215652466,"timingControlPoint1x":0.25086906552314758,"timingControlPoint2y":1},{"timingFunction":"custom","timingControlPoint1y":0,"timingControlPoint2x":0.40365099906921387,"timingControlPoint1x":0.28133058547973633,"timingControlPoint2y":1}],"keyTimes":[0,0.20000000000000001,0.37699999928474426,0.59999999999999998,1],"additive":false,"values":[{"scalar":0},{"scalar":-0.20943951023931953},{"scalar":1.6868607220525196},{"scalar":1.4660765716752369},{"scalar":1.5707963267948966}],"timeOffset":0,"autoreverses":false,"property":"transform.rotation.y","fillMode":"removed","duration":0.75703529438614015,"beginTime":0.082035312267533564}],"removedOnCompletion":false}],"layers":[],"texturedRectangle":{"singleTextureOpacity":1,"textXHeight":0.63083146067415741,"textBaseline":0.95425618498512865,"isBackgroundTexture":true,"isVerticalText":false,"textColor":[1,0,0.8456418514251709,1],"textureType":6},"initialState":{"affineTransform":[1,0,0,1,0,0],"masksToBounds":false,"rotation":0,"scale":1,"position":{"pointX":688.62042236328125,"pointY":73.37109375},"width":1284,"sublayerTransform":[1,0,0,0,0,1,0,0,0,0,1,0,0,0,0,1],"contentsRect":{"y":0,"x":0,"width":1,"height":1},"opacity":1,"edgeAntialiasingMask":0,"height":89,"hidden":false,"anchorPoint":{"pointX":0.5,"pointY":0.5}},"texture":"95B6E8576268669B7323EA9185D816F7"}]}]},{"animations":[],"initialState":{"affineTransform":[1,0,0,1,0,0],"masksToBounds":false,"rotation":0,"scale":1,"position":{"pointX":933.3287353515625,"pointY":583.94451904296875},"width":1409,"sublayerTransform":[1,0,0,0,0,1,0,0,0,0,1,0,0,0,0,1],"contentsRect":{"y":0,"x":0,"width":1,"height":1},"opacity":1,"edgeAntialiasingMask":251658240,"height":112,"hidden":false,"anchorPoint":{"pointX":0.5,"pointY":0.5}},"layers":[{"animations":[],"initialState":{"affineTransform":[1,0,0,1,0,0],"masksToBounds":false,"rotation":0,"scale":1,"position":{"pointX":731.1712646484375,"pointY":12.05548095703125},"width":1409,"sublayerTransform":[1,0,0,0,0,1,0,0,0,0,1,-0.00035007912466775983,0,0,0,1],"contentsRect":{"y":0,"x":0,"width":1,"height":1},"opacity":1,"edgeAntialiasingMask":251658240,"height":112,"hidden":false,"anchorPoint":{"pointX":0.51892921550634319,"pointY":0.10763822283063616}},"layers":[{"animations":[{"additive":false,"timeOffset":0,"beginTime":0,"repeatCount":0,"fillMode":"both","duration":0.89999997615814209,"autoreverses":false,"animations":[{"additive":false,"timeOffset":0,"beginTime":0,"from":{"scalar":false},"repeatCount":0,"fillMode":"removed","duration":0.89999997615814209,"autoreverses":false,"property":"doubleSided","to":{"scalar":false},"removedOnCompletion":true},{"additive":false,"timeOffset":0,"beginTime":0,"from":{"scalar":false},"repeatCount":0,"fillMode":"both","duration":0.89999997615814209,"autoreverses":false,"property":"hidden","to":{"scalar":false},"removedOnCompletion":true},{"repeatCount":0,"removedOnCompletion":true,"timingFunctions":[{"timingFunction":"Linear"},{"timingFunction":"Linear"},{"timingFunction":"Linear"}],"keyTimes":[0,0.25,0.45000000000000001,1],"additive":false,"values":[{"scalar":1},{"scalar":1},{"scalar":0},{"scalar":0}],"timeOffset":0,"autoreverses":false,"property":"opacity","fillMode":"both","duration":0.75703082582603964,"beginTime":0.082030843707433118},{"additive":false,"timeOffset":0,"beginTime":0.082030843707433118,"from":{"scalar":-704.5},"repeatCount":0,"fillMode":"removed","duration":0.75703082582603964,"autoreverses":false,"property":"anchorPointZ","to":{"scalar":-704.5},"removedOnCompletion":true},{"additive":false,"timeOffset":0,"beginTime":0.082030843707433118,"from":{"scalar":-704.5},"repeatCount":0,"fillMode":"removed","duration":0.75703082582603964,"autoreverses":false,"property":"zPosition","to":{"scalar":-704.5},"removedOnCompletion":true},{"repeatCount":0,"removedOnCompletion":true,"timingFunctions":[{"timingFunction":"custom","timingControlPoint1y":0,"timingControlPoint2x":0.69943994283676147,"timingControlPoint1x":0.39822623133659363,"timingControlPoint2y":1},{"timingFunction":"custom","timingControlPoint1y":0,"timingControlPoint2x":0.66777867078781128,"timingControlPoint1x":0,"timingControlPoint2y":1},{"timingFunction":"custom","timingControlPoint1y":0,"timingControlPoint2x":0.72271472215652466,"timingControlPoint1x":0.25086906552314758,"timingControlPoint2y":1},{"timingFunction":"custom","timingControlPoint1y":0,"timingControlPoint2x":0.40365099906921387,"timingControlPoint1x":0.28133058547973633,"timingControlPoint2y":1}],"keyTimes":[0,0.20000000000000001,0.37699999928474426,0.59999999999999998,1],"additive":false,"values":[{"scalar":0},{"scalar":-0.20943951023931953},{"scalar":1.6777704655317156},{"scalar":1.4660765716752369},{"scalar":1.5707963267948966}],"timeOffset":0,"autoreverses":false,"property":"transform.rotation.y","fillMode":"removed","duration":0.75703082582603964,"beginTime":0.082030843707433118}],"removedOnCompletion":false}],"layers":[],"texturedRectangle":{"singleTextureOpacity":1,"textXHeight":0.49627285714285713,"textBaseline":0.76130727066525394,"isBackgroundTexture":true,"isVerticalText":false,"textColor":[1,0,0.8456418514251709,1],"textureType":6},"initialState":{"affineTransform":[1,0,0,1,0,0],"masksToBounds":false,"rotation":0,"scale":1,"position":{"pointX":747.6712646484375,"pointY":85.05548095703125},"width":1409,"sublayerTransform":[1,0,0,0,0,1,0,0,0,0,1,0,0,0,0,1],"contentsRect":{"y":0,"x":0,"width":1,"height":1},"opacity":1,"edgeAntialiasingMask":0,"height":112,"hidden":false,"anchorPoint":{"pointX":0.5,"pointY":0.5}},"texture":"6185393FBEB469DD2146DAB9E7C06AED"}]}]},{"animations":[],"initialState":{"affineTransform":[1,0,0,1,0,0],"masksToBounds":false,"rotation":0,"scale":1,"position":{"pointX":344.9866943359375,"pointY":117.23233032226561},"width":499,"sublayerTransform":[1,0,0,0,0,1,0,0,0,0,1,0,0,0,0,1],"contentsRect":{"y":0,"x":0,"width":1,"height":1},"opacity":1,"edgeAntialiasingMask":251658240,"height":166,"hidden":false,"anchorPoint":{"pointX":0.5,"pointY":0.5}},"layers":[{"animations":[],"initialState":{"affineTransform":[1,0,0,1,0,0],"masksToBounds":false,"rotation":0,"scale":1,"position":{"pointX":864.5133056640625,"pointY":505.76766967773438},"width":499,"sublayerTransform":[1,0,0,0,0,1,0,0,0,0,1,-0.00035007912466775983,0,0,0,1],"contentsRect":{"y":0,"x":0,"width":1,"height":1},"opacity":1,"edgeAntialiasingMask":251658240,"height":166,"hidden":false,"anchorPoint":{"pointX":1.7324915945171593,"pointY":3.046793190829725}},"layers":[{"animations":[{"additive":false,"timeOffset":0,"beginTime":0,"repeatCount":0,"fillMode":"both","duration":0.89999997615814209,"autoreverses":false,"animations":[{"additive":false,"timeOffset":0,"beginTime":0,"from":{"scalar":false},"repeatCount":0,"fillMode":"removed","duration":0.89999997615814209,"autoreverses":false,"property":"doubleSided","to":{"scalar":false},"removedOnCompletion":true},{"additive":false,"timeOffset":0,"beginTime":0,"from":{"scalar":false},"repeatCount":0,"fillMode":"both","duration":0.89999997615814209,"autoreverses":false,"property":"hidden","to":{"scalar":false},"removedOnCompletion":true},{"repeatCount":0,"removedOnCompletion":true,"timingFunctions":[{"timingFunction":"Linear"},{"timingFunction":"Linear"},{"timingFunction":"Linear"}],"keyTimes":[0,0.20000000000000001,0.45000000000000001,1],"additive":false,"values":[{"scalar":0},{"scalar":0},{"scalar":1},{"scalar":1}],"timeOffset":0,"autoreverses":false,"property":"opacity","fillMode":"both","duration":0.70532107749724138,"beginTime":0.030321095378634765},{"additive":false,"timeOffset":0,"beginTime":0.030321095378634765,"from":{"scalar":-249.5},"repeatCount":0,"fillMode":"removed","duration":0.70532107749724138,"autoreverses":false,"property":"anchorPointZ","to":{"scalar":-249.5},"removedOnCompletion":true},{"additive":false,"timeOffset":0,"beginTime":0.030321095378634765,"from":{"scalar":-249.5},"repeatCount":0,"fillMode":"removed","duration":0.70532107749724138,"autoreverses":false,"property":"zPosition","to":{"scalar":-249.5},"removedOnCompletion":true},{"repeatCount":0,"removedOnCompletion":true,"timingFunctions":[{"timingFunction":"custom","timingControlPoint1y":0,"timingControlPoint2x":0.69943994283676147,"timingControlPoint1x":0.39822623133659363,"timingControlPoint2y":1},{"timingFunction":"custom","timingControlPoint1y":0,"timingControlPoint2x":0.66777867078781128,"timingControlPoint1x":0,"timingControlPoint2y":1},{"timingFunction":"custom","timingControlPoint1y":0,"timingControlPoint2x":0.72271472215652466,"timingControlPoint1x":0.25086906552314758,"timingControlPoint2y":1},{"timingFunction":"custom","timingControlPoint1y":0,"timingControlPoint2x":0.40365099906921387,"timingControlPoint1x":0.28133058547973633,"timingControlPoint2y":1}],"keyTimes":[0,0.20000000000000001,0.37699999928474426,0.59999999999999998,1],"additive":false,"values":[{"scalar":-1.5707963267948966},{"scalar":-1.7802358370342162},{"scalar":0.17475109135593225},{"scalar":-0.10471975511965977},{"scalar":0}],"timeOffset":0,"autoreverses":false,"property":"transform.rotation.y","fillMode":"removed","duration":0.70532107749724138,"beginTime":0.030321095378634765}],"removedOnCompletion":false}],"layers":[],"texturedRectangle":{"singleTextureOpacity":1,"textXHeight":0.6160000000000001,"textBaseline":0.94594323815721459,"isBackgroundTexture":false,"isVerticalText":false,"textColor":[0.11887545138597488,0.59490293264389038,0.99351197481155396,1],"textureType":6},"initialState":{"affineTransform":[1,0,0,1,0,0],"masksToBounds":false,"rotation":0,"scale":1,"position":{"pointX":868.0133056640625,"pointY":40.767669677734389},"width":477,"sublayerTransform":[1,0,0,0,0,1,0,0,0,0,1,0,0,0,0,1],"contentsRect":{"y":0,"x":0,"width":1,"height":1},"opacity":1,"edgeAntialiasingMask":0,"height":66,"hidden":true,"anchorPoint":{"pointX":0.5,"pointY":0.5}},"texture":"D80428CFDDCB397D9A6A6B7D62BCE48C"}]},{"animations":[],"initialState":{"affineTransform":[1,0,0,1,0,0],"masksToBounds":false,"rotation":0,"scale":1,"position":{"pointX":864.5133056640625,"pointY":505.76766967773438},"width":499,"sublayerTransform":[1,0,0,0,0,1,0,0,0,0,1,-0.00035007912466775983,0,0,0,1],"contentsRect":{"y":0,"x":0,"width":1,"height":1},"opacity":1,"edgeAntialiasingMask":251658240,"height":166,"hidden":false,"anchorPoint":{"pointX":1.7324915945171593,"pointY":3.046793190829725}},"layers":[{"animations":[{"additive":false,"timeOffset":0,"beginTime":0,"repeatCount":0,"fillMode":"both","duration":0.89999997615814209,"autoreverses":false,"animations":[{"additive":false,"timeOffset":0,"beginTime":0,"from":{"scalar":false},"repeatCount":0,"fillMode":"removed","duration":0.89999997615814209,"autoreverses":false,"property":"doubleSided","to":{"scalar":false},"removedOnCompletion":true},{"additive":false,"timeOffset":0,"beginTime":0,"from":{"scalar":false},"repeatCount":0,"fillMode":"both","duration":0.89999997615814209,"autoreverses":false,"property":"hidden","to":{"scalar":false},"removedOnCompletion":true},{"repeatCount":0,"removedOnCompletion":true,"timingFunctions":[{"timingFunction":"Linear"},{"timingFunction":"Linear"},{"timingFunction":"Linear"}],"keyTimes":[0,0.20000000000000001,0.45000000000000001,1],"additive":false,"values":[{"scalar":0},{"scalar":0},{"scalar":1},{"scalar":1}],"timeOffset":0,"autoreverses":false,"property":"opacity","fillMode":"both","duration":0.70532107749724138,"beginTime":0.030321095378634765},{"additive":false,"timeOffset":0,"beginTime":0.030321095378634765,"from":{"scalar":-249.5},"repeatCount":0,"fillMode":"removed","duration":0.70532107749724138,"autoreverses":false,"property":"anchorPointZ","to":{"scalar":-249.5},"removedOnCompletion":true},{"additive":false,"timeOffset":0,"beginTime":0.030321095378634765,"from":{"scalar":-249.5},"repeatCount":0,"fillMode":"removed","duration":0.70532107749724138,"autoreverses":false,"property":"zPosition","to":{"scalar":-249.5},"removedOnCompletion":true},{"repeatCount":0,"removedOnCompletion":true,"timingFunctions":[{"timingFunction":"custom","timingControlPoint1y":0,"timingControlPoint2x":0.69943994283676147,"timingControlPoint1x":0.39822623133659363,"timingControlPoint2y":1},{"timingFunction":"custom","timingControlPoint1y":0,"timingControlPoint2x":0.66777867078781128,"timingControlPoint1x":0,"timingControlPoint2y":1},{"timingFunction":"custom","timingControlPoint1y":0,"timingControlPoint2x":0.72271472215652466,"timingControlPoint1x":0.25086906552314758,"timingControlPoint2y":1},{"timingFunction":"custom","timingControlPoint1y":0,"timingControlPoint2x":0.40365099906921387,"timingControlPoint1x":0.28133058547973633,"timingControlPoint2y":1}],"keyTimes":[0,0.20000000000000001,0.37699999928474426,0.59999999999999998,1],"additive":false,"values":[{"scalar":-1.5707963267948966},{"scalar":-1.7802358370342162},{"scalar":0.17315120620827076},{"scalar":-0.10471975511965977},{"scalar":0}],"timeOffset":0,"autoreverses":false,"property":"transform.rotation.y","fillMode":"removed","duration":0.70532107749724138,"beginTime":0.030321095378634765}],"removedOnCompletion":false}],"layers":[],"texturedRectangle":{"singleTextureOpacity":1,"textXHeight":0.501925925925926,"textBaseline":0.76039829051052577,"isBackgroundTexture":false,"isVerticalText":false,"textColor":[0.11887545138597488,0.59490293264389038,0.99351197481155396,1],"textureType":6},"initialState":{"affineTransform":[1,0,0,1,0,0],"masksToBounds":false,"rotation":0,"scale":1,"position":{"pointX":865.0133056640625,"pointY":133.26766967773438},"width":499,"sublayerTransform":[1,0,0,0,0,1,0,0,0,0,1,0,0,0,0,1],"contentsRect":{"y":0,"x":0,"width":1,"height":1},"opacity":1,"edgeAntialiasingMask":0,"height":81,"hidden":true,"anchorPoint":{"pointX":0.5,"pointY":0.5}},"texture":"C4E861441A89A5E3ABFA8A5DBF7DBFF5"}]}]},{"animations":[],"initialState":{"affineTransform":[1,0,0,1,0,0],"masksToBounds":false,"rotation":0,"scale":1,"position":{"pointX":1479.7680206298828,"pointY":592.93748760223389},"width":322,"sublayerTransform":[1,0,0,0,0,1,0,0,0,0,1,0,0,0,0,1],"contentsRect":{"y":0,"x":0,"width":1,"height":1},"opacity":1,"edgeAntialiasingMask":251658240,"height":313,"hidden":false,"anchorPoint":{"pointX":0.5,"pointY":0.5}},"layers":[{"animations":[],"initialState":{"affineTransform":[1,0,0,1,0,0],"masksToBounds":false,"rotation":0,"scale":1,"position":{"pointX":-358.76802062988281,"pointY":103.56251239776611},"width":322,"sublayerTransform":[1,0,0,0,0,1,0,0,0,0,1,-0.00035007912466775983,0,0,0,1],"contentsRect":{"y":0,"x":0,"width":1,"height":1},"opacity":1,"edgeAntialiasingMask":251658240,"height":313,"hidden":false,"anchorPoint":{"pointX":-1.1141863994716859,"pointY":0.3308706466382304}},"layers":[{"animations":[{"additive":false,"timeOffset":0,"beginTime":0,"repeatCount":0,"fillMode":"both","duration":0.89999997615814209,"autoreverses":false,"animations":[{"additive":false,"timeOffset":0,"beginTime":0,"from":{"scalar":false},"repeatCount":0,"fillMode":"removed","duration":0.89999997615814209,"autoreverses":false,"property":"doubleSided","to":{"scalar":false},"removedOnCompletion":true},{"additive":false,"timeOffset":0,"beginTime":0,"from":{"scalar":false},"repeatCount":0,"fillMode":"both","duration":0.89999997615814209,"autoreverses":false,"property":"hidden","to":{"scalar":false},"removedOnCompletion":true},{"repeatCount":0,"removedOnCompletion":true,"timingFunctions":[{"timingFunction":"Linear"},{"timingFunction":"Linear"},{"timingFunction":"Linear"}],"keyTimes":[0,0.20000000000000001,0.45000000000000001,1],"additive":false,"values":[{"scalar":0},{"scalar":0},{"scalar":1},{"scalar":1}],"timeOffset":0,"autoreverses":false,"property":"opacity","fillMode":"both","duration":0.76994224341532225,"beginTime":0.1300577327428199},{"additive":false,"timeOffset":0,"beginTime":0.1300577327428199,"from":{"scalar":-161},"repeatCount":0,"fillMode":"removed","duration":0.76994224341532225,"autoreverses":false,"property":"anchorPointZ","to":{"scalar":-161},"removedOnCompletion":true},{"additive":false,"timeOffset":0,"beginTime":0.1300577327428199,"from":{"scalar":-161},"repeatCount":0,"fillMode":"removed","duration":0.76994224341532225,"autoreverses":false,"property":"zPosition","to":{"scalar":-161},"removedOnCompletion":true},{"repeatCount":0,"removedOnCompletion":true,"timingFunctions":[{"timingFunction":"custom","timingControlPoint1y":0,"timingControlPoint2x":0.69943994283676147,"timingControlPoint1x":0.39822623133659363,"timingControlPoint2y":1},{"timingFunction":"custom","timingControlPoint1y":0,"timingControlPoint2x":0.66777867078781128,"timingControlPoint1x":0,"timingControlPoint2y":1},{"timingFunction":"custom","timingControlPoint1y":0,"timingControlPoint2x":0.72271472215652466,"timingControlPoint1x":0.25086906552314758,"timingControlPoint2y":1},{"timingFunction":"custom","timingControlPoint1y":0,"timingControlPoint2x":0.40365099906921387,"timingControlPoint1x":0.28133058547973633,"timingControlPoint2y":1}],"keyTimes":[0,0.20000000000000001,0.37699999928474426,0.59999999999999998,1],"additive":false,"values":[{"scalar":-1.5707963267948966},{"scalar":-1.7802358370342162},{"scalar":0.18602300944172895},{"scalar":-0.10471975511965977},{"scalar":0}],"timeOffset":0,"autoreverses":false,"property":"transform.rotation.y","fillMode":"removed","duration":0.76994224341532225,"beginTime":0.1300577327428199}],"removedOnCompletion":false}],"layers":[],"texturedRectangle":{"isBackgroundTexture":true,"singleTextureOpacity":1,"textureType":5,"textBaseline":0,"textXHeight":0,"isVerticalText":false},"initialState":{"affineTransform":[1,0,0,1,0,0],"masksToBounds":false,"rotation":0,"scale":1,"position":{"pointX":159.14697647094727,"pointY":155.17887496948242},"width":322,"sublayerTransform":[1,0,0,0,0,1,0,0,0,0,1,0,0,0,0,1],"contentsRect":{"y":0,"x":0,"width":1,"height":1},"opacity":1,"edgeAntialiasingMask":0,"height":313,"hidden":true,"anchorPoint":{"pointX":0.49973601584108718,"pointY":0.5003717654048444}},"texture":"93A88D5EBB0FCD84F32EC826763E2B5E"}]}]},{"animations":[],"initialState":{"affineTransform":[1,0,0,1,0,0],"masksToBounds":false,"rotation":0,"scale":1,"position":{"pointX":1140.2741660369575,"pointY":541},"width":152,"sublayerTransform":[1,0,0,0,0,1,0,0,0,0,1,0,0,0,0,1],"contentsRect":{"y":0,"x":0,"width":1,"height":1},"opacity":1,"edgeAntialiasingMask":251658240,"height":62,"hidden":false,"anchorPoint":{"pointX":0.5,"pointY":0.5}},"layers":[{"animations":[],"initialState":{"affineTransform":[1,0,0,1,0,0],"masksToBounds":false,"rotation":0,"scale":1,"position":{"pointX":-104.27416603695747,"pointY":30},"width":152,"sublayerTransform":[1,0,0,0,0,1,0,0,0,0,1,-0.00035007912466775983,0,0,0,1],"contentsRect":{"y":0,"x":0,"width":1,"height":1},"opacity":1,"edgeAntialiasingMask":251658240,"height":62,"hidden":false,"anchorPoint":{"pointX":-0.68601425024314122,"pointY":0.4838709677419355}},"layers":[{"animations":[{"additive":false,"timeOffset":0,"beginTime":0,"repeatCount":0,"fillMode":"both","duration":0.89999997615814209,"autoreverses":false,"animations":[{"additive":false,"timeOffset":0,"beginTime":0,"from":{"scalar":false},"repeatCount":0,"fillMode":"removed","duration":0.89999997615814209,"autoreverses":false,"property":"doubleSided","to":{"scalar":false},"removedOnCompletion":true},{"additive":false,"timeOffset":0,"beginTime":0,"from":{"scalar":false},"repeatCount":0,"fillMode":"both","duration":0.89999997615814209,"autoreverses":false,"property":"hidden","to":{"scalar":false},"removedOnCompletion":true},{"repeatCount":0,"removedOnCompletion":true,"timingFunctions":[{"timingFunction":"Linear"},{"timingFunction":"Linear"},{"timingFunction":"Linear"}],"keyTimes":[0,0.20000000000000001,0.45000000000000001,1],"additive":false,"values":[{"scalar":0},{"scalar":0},{"scalar":1},{"scalar":1}],"timeOffset":0,"autoreverses":false,"property":"opacity","fillMode":"both","duration":0.77521938858804085,"beginTime":0.10021940646943429},{"additive":false,"timeOffset":0,"beginTime":0.10021940646943429,"from":{"scalar":-76},"repeatCount":0,"fillMode":"removed","duration":0.77521938858804085,"autoreverses":false,"property":"anchorPointZ","to":{"scalar":-76},"removedOnCompletion":true},{"additive":false,"timeOffset":0,"beginTime":0.10021940646943429,"from":{"scalar":-76},"repeatCount":0,"fillMode":"removed","duration":0.77521938858804085,"autoreverses":false,"property":"zPosition","to":{"scalar":-76},"removedOnCompletion":true},{"repeatCount":0,"removedOnCompletion":true,"timingFunctions":[{"timingFunction":"custom","timingControlPoint1y":0,"timingControlPoint2x":0.69943994283676147,"timingControlPoint1x":0.39822623133659363,"timingControlPoint2y":1},{"timingFunction":"custom","timingControlPoint1y":0,"timingControlPoint2x":0.66777867078781128,"timingControlPoint1x":0,"timingControlPoint2y":1},{"timingFunction":"custom","timingControlPoint1y":0,"timingControlPoint2x":0.72271472215652466,"timingControlPoint1x":0.25086906552314758,"timingControlPoint2y":1},{"timingFunction":"custom","timingControlPoint1y":0,"timingControlPoint2x":0.40365099906921387,"timingControlPoint1x":0.28133058547973633,"timingControlPoint2y":1}],"keyTimes":[0,0.20000000000000001,0.37699999928474426,0.59999999999999998,1],"additive":false,"values":[{"scalar":-1.5707963267948966},{"scalar":-1.7802358370342162},{"scalar":0.19838575831002211},{"scalar":-0.10471975511965977},{"scalar":0}],"timeOffset":0,"autoreverses":false,"property":"transform.rotation.y","fillMode":"removed","duration":0.77521938858804085,"beginTime":0.10021940646943429}],"removedOnCompletion":false}],"layers":[],"texturedRectangle":{"singleTextureOpacity":1,"textXHeight":0,"shapePath":{"lineWidth":1,"flatness":0.59999999999999998,"lineCapStyle":0,"elements":[{"type":"MoveToPoint","points":[[150.84803771972656,31]]},{"type":"AddLine","points":[[61.274166036957467,31]]},{"type":"AddLine","points":[[53.274166036957467,31]]}],"windingRule":0,"lineJoinStyle":0,"miterLimit":10},"isBackgroundTexture":true,"textBaseline":0,"isVerticalText":false,"textureType":5},"initialState":{"affineTransform":[1,0,0,1,0,0],"masksToBounds":false,"rotation":0,"scale":1,"position":{"pointX":74.786937783843314,"pointY":30.000000000000004},"width":152,"sublayerTransform":[1,0,0,0,0,1,0,0,0,0,1,0,0,0,0,1],"contentsRect":{"y":0,"x":0,"width":1,"height":1},"opacity":1,"edgeAntialiasingMask":0,"height":62,"hidden":true,"anchorPoint":{"pointX":0.50040199882105774,"pointY":0.5}},"texture":"A487CE730D809FCDA4FA2D00FE69E832"}]}]},{"animations":[],"initialState":{"affineTransform":[1,0,0,1,0,0],"masksToBounds":false,"rotation":0,"scale":1,"position":{"pointX":627.63082885742188,"pointY":372.10160827636719},"width":479,"sublayerTransform":[1,0,0,0,0,1,0,0,0,0,1,0,0,0,0,1],"contentsRect":{"y":0,"x":0,"width":1,"height":1},"opacity":1,"edgeAntialiasingMask":251658240,"height":287,"hidden":false,"anchorPoint":{"pointX":0.5,"pointY":0.5}},"layers":[{"animations":[],"initialState":{"affineTransform":[1,0,0,1,0,0],"masksToBounds":false,"rotation":0,"scale":1,"position":{"pointX":571.86917114257812,"pointY":311.39839172363281},"width":479,"sublayerTransform":[1,0,0,0,0,1,0,0,0,0,1,-0.00035007912466775983,0,0,0,1],"contentsRect":{"y":0,"x":0,"width":1,"height":1},"opacity":1,"edgeAntialiasingMask":251658240,"height":287,"hidden":false,"anchorPoint":{"pointX":1.1938813593790776,"pointY":1.0850118178523791}},"layers":[{"animations":[{"additive":false,"timeOffset":0,"beginTime":0,"repeatCount":0,"fillMode":"both","duration":0.89999997615814209,"autoreverses":false,"animations":[{"additive":false,"timeOffset":0,"beginTime":0,"from":{"scalar":false},"repeatCount":0,"fillMode":"removed","duration":0.89999997615814209,"autoreverses":false,"property":"doubleSided","to":{"scalar":false},"removedOnCompletion":true},{"additive":false,"timeOffset":0,"beginTime":0,"from":{"scalar":false},"repeatCount":0,"fillMode":"both","duration":0.89999997615814209,"autoreverses":false,"property":"hidden","to":{"scalar":false},"removedOnCompletion":true},{"repeatCount":0,"removedOnCompletion":true,"timingFunctions":[{"timingFunction":"Linear"},{"timingFunction":"Linear"},{"timingFunction":"Linear"}],"keyTimes":[0,0.20000000000000001,0.45000000000000001,1],"additive":false,"values":[{"scalar":0},{"scalar":0},{"scalar":1},{"scalar":1}],"timeOffset":0,"autoreverses":false,"property":"opacity","fillMode":"both","duration":0.73016284647483654,"beginTime":0.05516286435622994},{"additive":false,"timeOffset":0,"beginTime":0.05516286435622994,"from":{"scalar":-239.5},"repeatCount":0,"fillMode":"removed","duration":0.73016284647483654,"autoreverses":false,"property":"anchorPointZ","to":{"scalar":-239.5},"removedOnCompletion":true},{"additive":false,"timeOffset":0,"beginTime":0.05516286435622994,"from":{"scalar":-239.5},"repeatCount":0,"fillMode":"removed","duration":0.73016284647483654,"autoreverses":false,"property":"zPosition","to":{"scalar":-239.5},"removedOnCompletion":true},{"repeatCount":0,"removedOnCompletion":true,"timingFunctions":[{"timingFunction":"custom","timingControlPoint1y":0,"timingControlPoint2x":0.69943994283676147,"timingControlPoint1x":0.39822623133659363,"timingControlPoint2y":1},{"timingFunction":"custom","timingControlPoint1y":0,"timingControlPoint2x":0.66777867078781128,"timingControlPoint1x":0,"timingControlPoint2y":1},{"timingFunction":"custom","timingControlPoint1y":0,"timingControlPoint2x":0.72271472215652466,"timingControlPoint1x":0.25086906552314758,"timingControlPoint2y":1},{"timingFunction":"custom","timingControlPoint1y":0,"timingControlPoint2x":0.40365099906921387,"timingControlPoint1x":0.28133058547973633,"timingControlPoint2y":1}],"keyTimes":[0,0.20000000000000001,0.37699999928474426,0.59999999999999998,1],"additive":false,"values":[{"scalar":-1.5707963267948966},{"scalar":-1.7802358370342162},{"scalar":0.17460564725159938},{"scalar":-0.10471975511965977},{"scalar":0}],"timeOffset":0,"autoreverses":false,"property":"transform.rotation.y","fillMode":"removed","duration":0.73016284647483654,"beginTime":0.05516286435622994}],"removedOnCompletion":false}],"layers":[],"texturedRectangle":{"isBackgroundTexture":false,"singleTextureOpacity":1,"textureType":5,"textBaseline":0,"textXHeight":0,"isVerticalText":false},"initialState":{"affineTransform":[1,0,0,1,0,0],"masksToBounds":false,"rotation":0,"scale":1,"position":{"pointX":240,"pointY":144.5},"width":479,"sublayerTransform":[1,0,0,0,0,1,0,0,0,0,1,0,0,0,0,1],"contentsRect":{"y":0,"x":0,"width":1,"height":1},"opacity":1,"edgeAntialiasingMask":0,"height":287,"hidden":true,"anchorPoint":{"pointX":0.50159009961345247,"pointY":0.5007080716123149}},"texture":"6F68BBFCF3D4DF3987978EB915E0686E"}]}]},{"animations":[],"initialState":{"affineTransform":[1,0,0,1,0,0],"masksToBounds":false,"rotation":0,"scale":1,"position":{"pointX":627.63082885742188,"pointY":609.95892333984375},"width":479,"sublayerTransform":[1,0,0,0,0,1,0,0,0,0,1,0,0,0,0,1],"contentsRect":{"y":0,"x":0,"width":1,"height":1},"opacity":1,"edgeAntialiasingMask":251658240,"height":193,"hidden":false,"anchorPoint":{"pointX":0.5,"pointY":0.5}},"layers":[{"animations":[],"initialState":{"affineTransform":[1,0,0,1,0,0],"masksToBounds":false,"rotation":0,"scale":1,"position":{"pointX":571.86917114257812,"pointY":26.54107666015625},"width":479,"sublayerTransform":[1,0,0,0,0,1,0,0,0,0,1,-0.00035007912466775983,0,0,0,1],"contentsRect":{"y":0,"x":0,"width":1,"height":1},"opacity":1,"edgeAntialiasingMask":251658240,"height":193,"hidden":false,"anchorPoint":{"pointX":1.1938813593790776,"pointY":0.13751853191790803}},"layers":[{"animations":[{"additive":false,"timeOffset":0,"beginTime":0,"repeatCount":0,"fillMode":"both","duration":0.89999997615814209,"autoreverses":false,"animations":[{"additive":false,"timeOffset":0,"beginTime":0,"from":{"scalar":false},"repeatCount":0,"fillMode":"removed","duration":0.89999997615814209,"autoreverses":false,"property":"doubleSided","to":{"scalar":false},"removedOnCompletion":true},{"additive":false,"timeOffset":0,"beginTime":0,"from":{"scalar":false},"repeatCount":0,"fillMode":"both","duration":0.89999997615814209,"autoreverses":false,"property":"hidden","to":{"scalar":false},"removedOnCompletion":true},{"repeatCount":0,"removedOnCompletion":true,"timingFunctions":[{"timingFunction":"Linear"},{"timingFunction":"Linear"},{"timingFunction":"Linear"}],"keyTimes":[0,0.20000000000000001,0.45000000000000001,1],"additive":false,"values":[{"scalar":0},{"scalar":0},{"scalar":1},{"scalar":1}],"timeOffset":0,"autoreverses":false,"property":"opacity","fillMode":"both","duration":0.73016284647483654,"beginTime":0.05516286435622994},{"additive":false,"timeOffset":0,"beginTime":0.05516286435622994,"from":{"scalar":-239.5},"repeatCount":0,"fillMode":"removed","duration":0.73016284647483654,"autoreverses":false,"property":"anchorPointZ","to":{"scalar":-239.5},"removedOnCompletion":true},{"additive":false,"timeOffset":0,"beginTime":0.05516286435622994,"from":{"scalar":-239.5},"repeatCount":0,"fillMode":"removed","duration":0.73016284647483654,"autoreverses":false,"property":"zPosition","to":{"scalar":-239.5},"removedOnCompletion":true},{"repeatCount":0,"removedOnCompletion":true,"timingFunctions":[{"timingFunction":"custom","timingControlPoint1y":0,"timingControlPoint2x":0.69943994283676147,"timingControlPoint1x":0.39822623133659363,"timingControlPoint2y":1},{"timingFunction":"custom","timingControlPoint1y":0,"timingControlPoint2x":0.66777867078781128,"timingControlPoint1x":0,"timingControlPoint2y":1},{"timingFunction":"custom","timingControlPoint1y":0,"timingControlPoint2x":0.72271472215652466,"timingControlPoint1x":0.25086906552314758,"timingControlPoint2y":1},{"timingFunction":"custom","timingControlPoint1y":0,"timingControlPoint2x":0.40365099906921387,"timingControlPoint1x":0.28133058547973633,"timingControlPoint2y":1}],"keyTimes":[0,0.20000000000000001,0.37699999928474426,0.59999999999999998,1],"additive":false,"values":[{"scalar":-1.5707963267948966},{"scalar":-1.7802358370342162},{"scalar":0.17460564725159938},{"scalar":-0.10471975511965977},{"scalar":0}],"timeOffset":0,"autoreverses":false,"property":"transform.rotation.y","fillMode":"removed","duration":0.73016284647483654,"beginTime":0.05516286435622994}],"removedOnCompletion":false}],"layers":[],"texturedRectangle":{"isBackgroundTexture":false,"singleTextureOpacity":1,"textureType":5,"textBaseline":0,"textXHeight":0,"isVerticalText":false},"initialState":{"affineTransform":[1,0,0,1,0,0],"masksToBounds":false,"rotation":0,"scale":1,"position":{"pointX":240,"pointY":97},"width":479,"sublayerTransform":[1,0,0,0,0,1,0,0,0,0,1,0,0,0,0,1],"contentsRect":{"y":0,"x":0,"width":1,"height":1},"opacity":1,"edgeAntialiasingMask":0,"height":193,"hidden":true,"anchorPoint":{"pointX":0.50159009961345247,"pointY":0.50734635585330312}},"texture":"1742283D4EACAF13FCF93B1582E1E449"}]}]},{"animations":[],"initialState":{"affineTransform":[1,0,0,1,0,0],"masksToBounds":false,"rotation":0,"scale":1,"position":{"pointX":627.63082885742188,"pointY":800.5318603515625},"width":479,"sublayerTransform":[1,0,0,0,0,1,0,0,0,0,1,0,0,0,0,1],"contentsRect":{"y":0,"x":0,"width":1,"height":1},"opacity":1,"edgeAntialiasingMask":251658240,"height":193,"hidden":false,"anchorPoint":{"pointX":0.5,"pointY":0.5}},"layers":[{"animations":[],"initialState":{"affineTransform":[1,0,0,1,0,0],"masksToBounds":false,"rotation":0,"scale":1,"position":{"pointX":571.86917114257812,"pointY":-164.0318603515625},"width":479,"sublayerTransform":[1,0,0,0,0,1,0,0,0,0,1,-0.00035007912466775983,0,0,0,1],"contentsRect":{"y":0,"x":0,"width":1,"height":1},"opacity":1,"edgeAntialiasingMask":251658240,"height":193,"hidden":false,"anchorPoint":{"pointX":1.1938813593790776,"pointY":-0.84990601218426165}},"layers":[{"animations":[{"additive":false,"timeOffset":0,"beginTime":0,"repeatCount":0,"fillMode":"both","duration":0.89999997615814209,"autoreverses":false,"animations":[{"additive":false,"timeOffset":0,"beginTime":0,"from":{"scalar":false},"repeatCount":0,"fillMode":"removed","duration":0.89999997615814209,"autoreverses":false,"property":"doubleSided","to":{"scalar":false},"removedOnCompletion":true},{"additive":false,"timeOffset":0,"beginTime":0,"from":{"scalar":false},"repeatCount":0,"fillMode":"both","duration":0.89999997615814209,"autoreverses":false,"property":"hidden","to":{"scalar":false},"removedOnCompletion":true},{"repeatCount":0,"removedOnCompletion":true,"timingFunctions":[{"timingFunction":"Linear"},{"timingFunction":"Linear"},{"timingFunction":"Linear"}],"keyTimes":[0,0.20000000000000001,0.45000000000000001,1],"additive":false,"values":[{"scalar":0},{"scalar":0},{"scalar":1},{"scalar":1}],"timeOffset":0,"autoreverses":false,"property":"opacity","fillMode":"both","duration":0.73016284647483654,"beginTime":0.05516286435622994},{"additive":false,"timeOffset":0,"beginTime":0.05516286435622994,"from":{"scalar":-239.5},"repeatCount":0,"fillMode":"removed","duration":0.73016284647483654,"autoreverses":false,"property":"anchorPointZ","to":{"scalar":-239.5},"removedOnCompletion":true},{"additive":false,"timeOffset":0,"beginTime":0.05516286435622994,"from":{"scalar":-239.5},"repeatCount":0,"fillMode":"removed","duration":0.73016284647483654,"autoreverses":false,"property":"zPosition","to":{"scalar":-239.5},"removedOnCompletion":true},{"repeatCount":0,"removedOnCompletion":true,"timingFunctions":[{"timingFunction":"custom","timingControlPoint1y":0,"timingControlPoint2x":0.69943994283676147,"timingControlPoint1x":0.39822623133659363,"timingControlPoint2y":1},{"timingFunction":"custom","timingControlPoint1y":0,"timingControlPoint2x":0.66777867078781128,"timingControlPoint1x":0,"timingControlPoint2y":1},{"timingFunction":"custom","timingControlPoint1y":0,"timingControlPoint2x":0.72271472215652466,"timingControlPoint1x":0.25086906552314758,"timingControlPoint2y":1},{"timingFunction":"custom","timingControlPoint1y":0,"timingControlPoint2x":0.40365099906921387,"timingControlPoint1x":0.28133058547973633,"timingControlPoint2y":1}],"keyTimes":[0,0.20000000000000001,0.37699999928474426,0.59999999999999998,1],"additive":false,"values":[{"scalar":-1.5707963267948966},{"scalar":-1.7802358370342162},{"scalar":0.17460564725159938},{"scalar":-0.10471975511965977},{"scalar":0}],"timeOffset":0,"autoreverses":false,"property":"transform.rotation.y","fillMode":"removed","duration":0.73016284647483654,"beginTime":0.05516286435622994}],"removedOnCompletion":false}],"layers":[],"texturedRectangle":{"isBackgroundTexture":false,"singleTextureOpacity":1,"textureType":5,"textBaseline":0,"textXHeight":0,"isVerticalText":false},"initialState":{"affineTransform":[1,0,0,1,0,0],"masksToBounds":false,"rotation":0,"scale":1,"position":{"pointX":240,"pointY":97},"width":479,"sublayerTransform":[1,0,0,0,0,1,0,0,0,0,1,0,0,0,0,1],"contentsRect":{"y":0,"x":0,"width":1,"height":1},"opacity":1,"edgeAntialiasingMask":0,"height":193,"hidden":true,"anchorPoint":{"pointX":0.50159009961345247,"pointY":0.50292083265867871}},"texture":"C1BCB6E67D6B65EA059107557CAE628B"}]}]}]},"effects":[],"duration":0.89999997615814209,"type":"transition","attributes":{"direction":11},"name":"apple:ca-cube","objectID":"0"}],"automaticPlay":false,"hyperlinks":[],"accessibility":[{"text":"Complexity of Administration","targetRectangle":{"y":555.94451904296875,"x":270.12623893869898,"width":1412.3023221561716,"height":115.03195345401764}},{"text":"Increase infrastrcutre costs","targetRectangle":{"y":761.12890625,"x":332.2859989014861,"width":1287.9480021779545,"height":115.7999529838562}},{"text":"Query Overhead","targetRectangle":{"y":349.76016235351562,"x":578.87360999531893,"width":794.80764107808773,"height":115.03195345401764}},{"text":"Drawbacks of ","targetRectangle":{"y":41.232330322265625,"x":721.14599967157835,"width":489.63600073224313,"height":84.199965953826904}},{"text":"Data Sharding","targetRectangle":{"y":125.39233813524206,"x":707.3279996434153,"width":502.82400073224289,"height":84.199965953826904}}],"baseLayer":{"animations":[],"initialState":{"affineTransform":[1,0,0,1,0,0],"masksToBounds":false,"rotation":0,"scale":1,"position":{"pointX":960,"pointY":540},"width":1920,"sublayerTransform":[1,0,0,0,0,1,0,0,0,0,1,0,0,0,0,1],"contentsRect":{"y":0,"x":0,"width":1,"height":1},"opacity":1,"edgeAntialiasingMask":251658240,"height":1080,"hidden":false,"anchorPoint":{"pointX":0.5,"pointY":0.5}},"objectID":"0","layers":[{"animations":[],"initialState":{"affineTransform":[1,0,0,1,0,0],"masksToBounds":false,"rotation":0,"scale":1,"position":{"pointX":960,"pointY":540},"width":1920,"sublayerTransform":[1,0,0,0,0,1,0,0,0,0,1,-0.00035007912466775983,0,0,0,1],"contentsRect":{"y":0,"x":0,"width":1,"height":1},"opacity":1,"edgeAntialiasingMask":251658240,"height":1080,"hidden":false,"anchorPoint":{"pointX":0.5,"pointY":0.5}},"layers":[{"animations":[],"initialState":{"affineTransform":[1,0,0,1,0,0],"masksToBounds":false,"rotation":0,"scale":1,"position":{"pointX":960,"pointY":540},"width":1920,"sublayerTransform":[1,0,0,0,0,1,0,0,0,0,1,0,0,0,0,1],"contentsRect":{"y":0,"x":0,"width":1,"height":1},"opacity":1,"edgeAntialiasingMask":251658240,"height":1080,"hidden":false,"anchorPoint":{"pointX":0.5,"pointY":0.5}},"layers":[{"animations":[],"layers":[],"texturedRectangle":{"isBackgroundTexture":true,"singleTextureOpacity":1,"textureType":1,"textBaseline":0,"textXHeight":0,"isVerticalText":false},"initialState":{"affineTransform":[1,0,0,1,0,0],"masksToBounds":false,"rotation":0,"scale":1,"position":{"pointX":960,"pointY":540},"width":1920,"sublayerTransform":[1,0,0,0,0,1,0,0,0,0,1,0,0,0,0,1],"contentsRect":{"y":0,"x":0,"width":1,"height":1},"opacity":1,"edgeAntialiasingMask":0,"height":1080,"hidden":false,"anchorPoint":{"pointX":0.5,"pointY":0.5}},"texture":"32D295946EB008DFB9C77B4CDB456AC1"}]}]},{"animations":[],"initialState":{"affineTransform":[1,0,0,1,0,0],"masksToBounds":false,"rotation":0,"scale":1,"position":{"pointX":344.9866943359375,"pointY":117.23233032226561},"width":499,"sublayerTransform":[1,0,0,0,0,1,0,0,0,0,1,0,0,0,0,1],"contentsRect":{"y":0,"x":0,"width":1,"height":1},"opacity":1,"edgeAntialiasingMask":251658240,"height":166,"hidden":false,"anchorPoint":{"pointX":0.5,"pointY":0.5}},"layers":[{"animations":[],"initialState":{"affineTransform":[1,0,0,1,0,0],"masksToBounds":false,"rotation":0,"scale":1,"position":{"pointX":864.5133056640625,"pointY":505.76766967773438},"width":499,"sublayerTransform":[1,0,0,0,0,1,0,0,0,0,1,-0.00035007912466775983,0,0,0,1],"contentsRect":{"y":0,"x":0,"width":1,"height":1},"opacity":1,"edgeAntialiasingMask":251658240,"height":166,"hidden":false,"anchorPoint":{"pointX":1.7324915945171593,"pointY":3.046793190829725}},"layers":[{"animations":[],"layers":[],"texturedRectangle":{"singleTextureOpacity":1,"textXHeight":0.6160000000000001,"textBaseline":0.94594323815721459,"isBackgroundTexture":false,"isVerticalText":false,"textColor":[0.11887545138597488,0.59490293264389038,0.99351197481155396,1],"textureType":6},"initialState":{"affineTransform":[1,0,0,1,0,0],"masksToBounds":false,"rotation":0,"scale":1,"position":{"pointX":868.0133056640625,"pointY":40.767669677734389},"width":477,"sublayerTransform":[1,0,0,0,0,1,0,0,0,0,1,0,0,0,0,1],"contentsRect":{"y":0,"x":0,"width":1,"height":1},"opacity":1,"edgeAntialiasingMask":0,"height":66,"hidden":false,"anchorPoint":{"pointX":0.5,"pointY":0.5}},"texture":"D80428CFDDCB397D9A6A6B7D62BCE48C"}]},{"animations":[],"initialState":{"affineTransform":[1,0,0,1,0,0],"masksToBounds":false,"rotation":0,"scale":1,"position":{"pointX":864.5133056640625,"pointY":505.76766967773438},"width":499,"sublayerTransform":[1,0,0,0,0,1,0,0,0,0,1,-0.00035007912466775983,0,0,0,1],"contentsRect":{"y":0,"x":0,"width":1,"height":1},"opacity":1,"edgeAntialiasingMask":251658240,"height":166,"hidden":false,"anchorPoint":{"pointX":1.7324915945171593,"pointY":3.046793190829725}},"layers":[{"animations":[],"layers":[],"texturedRectangle":{"singleTextureOpacity":1,"textXHeight":0.501925925925926,"textBaseline":0.76039829051052577,"isBackgroundTexture":false,"isVerticalText":false,"textColor":[0.11887545138597488,0.59490293264389038,0.99351197481155396,1],"textureType":6},"initialState":{"affineTransform":[1,0,0,1,0,0],"masksToBounds":false,"rotation":0,"scale":1,"position":{"pointX":865.0133056640625,"pointY":133.26766967773438},"width":499,"sublayerTransform":[1,0,0,0,0,1,0,0,0,0,1,0,0,0,0,1],"contentsRect":{"y":0,"x":0,"width":1,"height":1},"opacity":1,"edgeAntialiasingMask":0,"height":81,"hidden":false,"anchorPoint":{"pointX":0.5,"pointY":0.5}},"texture":"C4E861441A89A5E3ABFA8A5DBF7DBFF5"}]}]},{"animations":[],"initialState":{"affineTransform":[1,0,0,1,0,0],"masksToBounds":false,"rotation":0,"scale":1,"position":{"pointX":934.30389404296875,"pointY":377.26016235351562},"width":791,"sublayerTransform":[1,0,0,0,0,1,0,0,0,0,1,0,0,0,0,1],"contentsRect":{"y":0,"x":0,"width":1,"height":1},"opacity":1,"edgeAntialiasingMask":251658240,"height":111,"hidden":false,"anchorPoint":{"pointX":0.5,"pointY":0.5}},"layers":[{"animations":[],"initialState":{"affineTransform":[1,0,0,1,0,0],"masksToBounds":false,"rotation":0,"scale":1,"position":{"pointX":421.19610595703125,"pointY":218.23983764648438},"width":791,"sublayerTransform":[1,0,0,0,0,1,0,0,0,0,1,-0.00035007912466775983,0,0,0,1],"contentsRect":{"y":0,"x":0,"width":1,"height":1},"opacity":1,"edgeAntialiasingMask":251658240,"height":111,"hidden":false,"anchorPoint":{"pointX":0.53248559539447693,"pointY":1.9661246634818412}},"layers":[{"animations":[],"layers":[],"texturedRectangle":{"singleTextureOpacity":1,"textXHeight":0.50074378378378381,"textBaseline":0.75749601464013794,"isBackgroundTexture":true,"isVerticalText":false,"textColor":[1,0,0.8456418514251709,1],"textureType":6},"initialState":{"affineTransform":[1,0,0,1,0,0],"masksToBounds":false,"rotation":0,"scale":1,"position":{"pointX":437.69610595703125,"pointY":85.739837646484375},"width":791,"sublayerTransform":[1,0,0,0,0,1,0,0,0,0,1,0,0,0,0,1],"contentsRect":{"y":0,"x":0,"width":1,"height":1},"opacity":1,"edgeAntialiasingMask":0,"height":111,"hidden":false,"anchorPoint":{"pointX":0.5,"pointY":0.5}},"texture":"8C896A164D83EDAA03FCC86A9EE275AA"}]}]},{"animations":[],"initialState":{"affineTransform":[1,0,0,1,0,0],"masksToBounds":false,"rotation":0,"scale":1,"position":{"pointX":933.37957763671875,"pointY":778.62890625},"width":1284,"sublayerTransform":[1,0,0,0,0,1,0,0,0,0,1,0,0,0,0,1],"contentsRect":{"y":0,"x":0,"width":1,"height":1},"opacity":1,"edgeAntialiasingMask":251658240,"height":89,"hidden":false,"anchorPoint":{"pointX":0.5,"pointY":0.5}},"layers":[{"animations":[],"initialState":{"affineTransform":[1,0,0,1,0,0],"masksToBounds":false,"rotation":0,"scale":1,"position":{"pointX":668.62042236328125,"pointY":-194.12890625},"width":1284,"sublayerTransform":[1,0,0,0,0,1,0,0,0,0,1,-0.00035007912466775983,0,0,0,1],"contentsRect":{"y":0,"x":0,"width":1,"height":1},"opacity":1,"edgeAntialiasingMask":251658240,"height":89,"hidden":false,"anchorPoint":{"pointX":0.52073241617077981,"pointY":-2.1812236657303372}},"layers":[{"animations":[],"layers":[],"texturedRectangle":{"singleTextureOpacity":1,"textXHeight":0.63083146067415741,"textBaseline":0.95425618498512865,"isBackgroundTexture":true,"isVerticalText":false,"textColor":[1,0,0.8456418514251709,1],"textureType":6},"initialState":{"affineTransform":[1,0,0,1,0,0],"masksToBounds":false,"rotation":0,"scale":1,"position":{"pointX":688.62042236328125,"pointY":73.37109375},"width":1284,"sublayerTransform":[1,0,0,0,0,1,0,0,0,0,1,0,0,0,0,1],"contentsRect":{"y":0,"x":0,"width":1,"height":1},"opacity":1,"edgeAntialiasingMask":0,"height":89,"hidden":false,"anchorPoint":{"pointX":0.5,"pointY":0.5}},"texture":"95B6E8576268669B7323EA9185D816F7"}]}]},{"animations":[],"initialState":{"affineTransform":[1,0,0,1,0,0],"masksToBounds":false,"rotation":0,"scale":1,"position":{"pointX":933.3287353515625,"pointY":583.94451904296875},"width":1409,"sublayerTransform":[1,0,0,0,0,1,0,0,0,0,1,0,0,0,0,1],"contentsRect":{"y":0,"x":0,"width":1,"height":1},"opacity":1,"edgeAntialiasingMask":251658240,"height":112,"hidden":false,"anchorPoint":{"pointX":0.5,"pointY":0.5}},"layers":[{"animations":[],"initialState":{"affineTransform":[1,0,0,1,0,0],"masksToBounds":false,"rotation":0,"scale":1,"position":{"pointX":731.1712646484375,"pointY":12.05548095703125},"width":1409,"sublayerTransform":[1,0,0,0,0,1,0,0,0,0,1,-0.00035007912466775983,0,0,0,1],"contentsRect":{"y":0,"x":0,"width":1,"height":1},"opacity":1,"edgeAntialiasingMask":251658240,"height":112,"hidden":false,"anchorPoint":{"pointX":0.51892921550634319,"pointY":0.10763822283063616}},"layers":[{"animations":[],"layers":[],"texturedRectangle":{"singleTextureOpacity":1,"textXHeight":0.49627285714285713,"textBaseline":0.76130727066525394,"isBackgroundTexture":true,"isVerticalText":false,"textColor":[1,0,0.8456418514251709,1],"textureType":6},"initialState":{"affineTransform":[1,0,0,1,0,0],"masksToBounds":false,"rotation":0,"scale":1,"position":{"pointX":747.6712646484375,"pointY":85.05548095703125},"width":1409,"sublayerTransform":[1,0,0,0,0,1,0,0,0,0,1,0,0,0,0,1],"contentsRect":{"y":0,"x":0,"width":1,"height":1},"opacity":1,"edgeAntialiasingMask":0,"height":112,"hidden":false,"anchorPoint":{"pointX":0.5,"pointY":0.5}},"texture":"6185393FBEB469DD2146DAB9E7C06AED"}]}]},{"animations":[],"initialState":{"affineTransform":[1,0,0,1,0,0],"masksToBounds":false,"rotation":0,"scale":1,"position":{"pointX":344.9866943359375,"pointY":117.23233032226561},"width":499,"sublayerTransform":[1,0,0,0,0,1,0,0,0,0,1,0,0,0,0,1],"contentsRect":{"y":0,"x":0,"width":1,"height":1},"opacity":1,"edgeAntialiasingMask":251658240,"height":166,"hidden":false,"anchorPoint":{"pointX":0.5,"pointY":0.5}},"layers":[{"animations":[],"initialState":{"affineTransform":[1,0,0,1,0,0],"masksToBounds":false,"rotation":0,"scale":1,"position":{"pointX":864.5133056640625,"pointY":505.76766967773438},"width":499,"sublayerTransform":[1,0,0,0,0,1,0,0,0,0,1,-0.00035007912466775983,0,0,0,1],"contentsRect":{"y":0,"x":0,"width":1,"height":1},"opacity":1,"edgeAntialiasingMask":251658240,"height":166,"hidden":false,"anchorPoint":{"pointX":1.7324915945171593,"pointY":3.046793190829725}},"layers":[{"animations":[],"layers":[],"texturedRectangle":{"singleTextureOpacity":1,"textXHeight":0.6160000000000001,"textBaseline":0.94594323815721459,"isBackgroundTexture":false,"isVerticalText":false,"textColor":[0.11887545138597488,0.59490293264389038,0.99351197481155396,1],"textureType":6},"initialState":{"affineTransform":[1,0,0,1,0,0],"masksToBounds":false,"rotation":0,"scale":1,"position":{"pointX":868.0133056640625,"pointY":40.767669677734389},"width":477,"sublayerTransform":[1,0,0,0,0,1,0,0,0,0,1,0,0,0,0,1],"contentsRect":{"y":0,"x":0,"width":1,"height":1},"opacity":1,"edgeAntialiasingMask":0,"height":66,"hidden":true,"anchorPoint":{"pointX":0.5,"pointY":0.5}},"texture":"D80428CFDDCB397D9A6A6B7D62BCE48C"}]},{"animations":[],"initialState":{"affineTransform":[1,0,0,1,0,0],"masksToBounds":false,"rotation":0,"scale":1,"position":{"pointX":864.5133056640625,"pointY":505.76766967773438},"width":499,"sublayerTransform":[1,0,0,0,0,1,0,0,0,0,1,-0.00035007912466775983,0,0,0,1],"contentsRect":{"y":0,"x":0,"width":1,"height":1},"opacity":1,"edgeAntialiasingMask":251658240,"height":166,"hidden":false,"anchorPoint":{"pointX":1.7324915945171593,"pointY":3.046793190829725}},"layers":[{"animations":[],"layers":[],"texturedRectangle":{"singleTextureOpacity":1,"textXHeight":0.501925925925926,"textBaseline":0.76039829051052577,"isBackgroundTexture":false,"isVerticalText":false,"textColor":[0.11887545138597488,0.59490293264389038,0.99351197481155396,1],"textureType":6},"initialState":{"affineTransform":[1,0,0,1,0,0],"masksToBounds":false,"rotation":0,"scale":1,"position":{"pointX":865.0133056640625,"pointY":133.26766967773438},"width":499,"sublayerTransform":[1,0,0,0,0,1,0,0,0,0,1,0,0,0,0,1],"contentsRect":{"y":0,"x":0,"width":1,"height":1},"opacity":1,"edgeAntialiasingMask":0,"height":81,"hidden":true,"anchorPoint":{"pointX":0.5,"pointY":0.5}},"texture":"C4E861441A89A5E3ABFA8A5DBF7DBFF5"}]}]},{"animations":[],"initialState":{"affineTransform":[1,0,0,1,0,0],"masksToBounds":false,"rotation":0,"scale":1,"position":{"pointX":1479.7680206298828,"pointY":592.93748760223389},"width":322,"sublayerTransform":[1,0,0,0,0,1,0,0,0,0,1,0,0,0,0,1],"contentsRect":{"y":0,"x":0,"width":1,"height":1},"opacity":1,"edgeAntialiasingMask":251658240,"height":313,"hidden":false,"anchorPoint":{"pointX":0.5,"pointY":0.5}},"layers":[{"animations":[],"initialState":{"affineTransform":[1,0,0,1,0,0],"masksToBounds":false,"rotation":0,"scale":1,"position":{"pointX":-358.76802062988281,"pointY":103.56251239776611},"width":322,"sublayerTransform":[1,0,0,0,0,1,0,0,0,0,1,-0.00035007912466775983,0,0,0,1],"contentsRect":{"y":0,"x":0,"width":1,"height":1},"opacity":1,"edgeAntialiasingMask":251658240,"height":313,"hidden":false,"anchorPoint":{"pointX":-1.1141863994716859,"pointY":0.3308706466382304}},"layers":[{"animations":[],"layers":[],"texturedRectangle":{"isBackgroundTexture":true,"singleTextureOpacity":1,"textureType":5,"textBaseline":0,"textXHeight":0,"isVerticalText":false},"initialState":{"affineTransform":[1,0,0,1,0,0],"masksToBounds":false,"rotation":0,"scale":1,"position":{"pointX":159.14697647094727,"pointY":155.17887496948242},"width":322,"sublayerTransform":[1,0,0,0,0,1,0,0,0,0,1,0,0,0,0,1],"contentsRect":{"y":0,"x":0,"width":1,"height":1},"opacity":1,"edgeAntialiasingMask":0,"height":313,"hidden":true,"anchorPoint":{"pointX":0.49973601584108718,"pointY":0.5003717654048444}},"texture":"93A88D5EBB0FCD84F32EC826763E2B5E"}]}]},{"animations":[],"initialState":{"affineTransform":[1,0,0,1,0,0],"masksToBounds":false,"rotation":0,"scale":1,"position":{"pointX":1140.2741660369575,"pointY":541},"width":152,"sublayerTransform":[1,0,0,0,0,1,0,0,0,0,1,0,0,0,0,1],"contentsRect":{"y":0,"x":0,"width":1,"height":1},"opacity":1,"edgeAntialiasingMask":251658240,"height":62,"hidden":false,"anchorPoint":{"pointX":0.5,"pointY":0.5}},"layers":[{"animations":[],"initialState":{"affineTransform":[1,0,0,1,0,0],"masksToBounds":false,"rotation":0,"scale":1,"position":{"pointX":-104.27416603695747,"pointY":30},"width":152,"sublayerTransform":[1,0,0,0,0,1,0,0,0,0,1,-0.00035007912466775983,0,0,0,1],"contentsRect":{"y":0,"x":0,"width":1,"height":1},"opacity":1,"edgeAntialiasingMask":251658240,"height":62,"hidden":false,"anchorPoint":{"pointX":-0.68601425024314122,"pointY":0.4838709677419355}},"layers":[{"animations":[],"layers":[],"texturedRectangle":{"singleTextureOpacity":1,"textXHeight":0,"shapePath":{"lineWidth":1,"flatness":0.59999999999999998,"lineCapStyle":0,"elements":[{"type":"MoveToPoint","points":[[150.84803771972656,31]]},{"type":"AddLine","points":[[61.274166036957467,31]]},{"type":"AddLine","points":[[53.274166036957467,31]]}],"windingRule":0,"lineJoinStyle":0,"miterLimit":10},"isBackgroundTexture":true,"textBaseline":0,"isVerticalText":false,"textureType":5},"initialState":{"affineTransform":[1,0,0,1,0,0],"masksToBounds":false,"rotation":0,"scale":1,"position":{"pointX":74.786937783843314,"pointY":30.000000000000004},"width":152,"sublayerTransform":[1,0,0,0,0,1,0,0,0,0,1,0,0,0,0,1],"contentsRect":{"y":0,"x":0,"width":1,"height":1},"opacity":1,"edgeAntialiasingMask":0,"height":62,"hidden":true,"anchorPoint":{"pointX":0.50040199882105774,"pointY":0.5}},"texture":"A487CE730D809FCDA4FA2D00FE69E832"}]}]},{"animations":[],"initialState":{"affineTransform":[1,0,0,1,0,0],"masksToBounds":false,"rotation":0,"scale":1,"position":{"pointX":627.63082885742188,"pointY":372.10160827636719},"width":479,"sublayerTransform":[1,0,0,0,0,1,0,0,0,0,1,0,0,0,0,1],"contentsRect":{"y":0,"x":0,"width":1,"height":1},"opacity":1,"edgeAntialiasingMask":251658240,"height":287,"hidden":false,"anchorPoint":{"pointX":0.5,"pointY":0.5}},"layers":[{"animations":[],"initialState":{"affineTransform":[1,0,0,1,0,0],"masksToBounds":false,"rotation":0,"scale":1,"position":{"pointX":571.86917114257812,"pointY":311.39839172363281},"width":479,"sublayerTransform":[1,0,0,0,0,1,0,0,0,0,1,-0.00035007912466775983,0,0,0,1],"contentsRect":{"y":0,"x":0,"width":1,"height":1},"opacity":1,"edgeAntialiasingMask":251658240,"height":287,"hidden":false,"anchorPoint":{"pointX":1.1938813593790776,"pointY":1.0850118178523791}},"layers":[{"animations":[],"layers":[],"texturedRectangle":{"isBackgroundTexture":false,"singleTextureOpacity":1,"textureType":5,"textBaseline":0,"textXHeight":0,"isVerticalText":false},"initialState":{"affineTransform":[1,0,0,1,0,0],"masksToBounds":false,"rotation":0,"scale":1,"position":{"pointX":240,"pointY":144.5},"width":479,"sublayerTransform":[1,0,0,0,0,1,0,0,0,0,1,0,0,0,0,1],"contentsRect":{"y":0,"x":0,"width":1,"height":1},"opacity":1,"edgeAntialiasingMask":0,"height":287,"hidden":true,"anchorPoint":{"pointX":0.50159009961345247,"pointY":0.5007080716123149}},"texture":"6F68BBFCF3D4DF3987978EB915E0686E"}]}]},{"animations":[],"initialState":{"affineTransform":[1,0,0,1,0,0],"masksToBounds":false,"rotation":0,"scale":1,"position":{"pointX":627.63082885742188,"pointY":609.95892333984375},"width":479,"sublayerTransform":[1,0,0,0,0,1,0,0,0,0,1,0,0,0,0,1],"contentsRect":{"y":0,"x":0,"width":1,"height":1},"opacity":1,"edgeAntialiasingMask":251658240,"height":193,"hidden":false,"anchorPoint":{"pointX":0.5,"pointY":0.5}},"layers":[{"animations":[],"initialState":{"affineTransform":[1,0,0,1,0,0],"masksToBounds":false,"rotation":0,"scale":1,"position":{"pointX":571.86917114257812,"pointY":26.54107666015625},"width":479,"sublayerTransform":[1,0,0,0,0,1,0,0,0,0,1,-0.00035007912466775983,0,0,0,1],"contentsRect":{"y":0,"x":0,"width":1,"height":1},"opacity":1,"edgeAntialiasingMask":251658240,"height":193,"hidden":false,"anchorPoint":{"pointX":1.1938813593790776,"pointY":0.13751853191790803}},"layers":[{"animations":[],"layers":[],"texturedRectangle":{"isBackgroundTexture":false,"singleTextureOpacity":1,"textureType":5,"textBaseline":0,"textXHeight":0,"isVerticalText":false},"initialState":{"affineTransform":[1,0,0,1,0,0],"masksToBounds":false,"rotation":0,"scale":1,"position":{"pointX":240,"pointY":97},"width":479,"sublayerTransform":[1,0,0,0,0,1,0,0,0,0,1,0,0,0,0,1],"contentsRect":{"y":0,"x":0,"width":1,"height":1},"opacity":1,"edgeAntialiasingMask":0,"height":193,"hidden":true,"anchorPoint":{"pointX":0.50159009961345247,"pointY":0.50734635585330312}},"texture":"1742283D4EACAF13FCF93B1582E1E449"}]}]},{"animations":[],"initialState":{"affineTransform":[1,0,0,1,0,0],"masksToBounds":false,"rotation":0,"scale":1,"position":{"pointX":627.63082885742188,"pointY":800.5318603515625},"width":479,"sublayerTransform":[1,0,0,0,0,1,0,0,0,0,1,0,0,0,0,1],"contentsRect":{"y":0,"x":0,"width":1,"height":1},"opacity":1,"edgeAntialiasingMask":251658240,"height":193,"hidden":false,"anchorPoint":{"pointX":0.5,"pointY":0.5}},"layers":[{"animations":[],"initialState":{"affineTransform":[1,0,0,1,0,0],"masksToBounds":false,"rotation":0,"scale":1,"position":{"pointX":571.86917114257812,"pointY":-164.0318603515625},"width":479,"sublayerTransform":[1,0,0,0,0,1,0,0,0,0,1,-0.00035007912466775983,0,0,0,1],"contentsRect":{"y":0,"x":0,"width":1,"height":1},"opacity":1,"edgeAntialiasingMask":251658240,"height":193,"hidden":false,"anchorPoint":{"pointX":1.1938813593790776,"pointY":-0.84990601218426165}},"layers":[{"animations":[],"layers":[],"texturedRectangle":{"isBackgroundTexture":false,"singleTextureOpacity":1,"textureType":5,"textBaseline":0,"textXHeight":0,"isVerticalText":false},"initialState":{"affineTransform":[1,0,0,1,0,0],"masksToBounds":false,"rotation":0,"scale":1,"position":{"pointX":240,"pointY":97},"width":479,"sublayerTransform":[1,0,0,0,0,1,0,0,0,0,1,0,0,0,0,1],"contentsRect":{"y":0,"x":0,"width":1,"height":1},"opacity":1,"edgeAntialiasingMask":0,"height":193,"hidden":true,"anchorPoint":{"pointX":0.50159009961345247,"pointY":0.50292083265867871}},"texture":"C1BCB6E67D6B65EA059107557CAE628B"}]}]}]}}]}