{"assets":{"68866925189F17C44F7CF642977DE636":{"type":"texture","index":10,"assetRequest":{"type":"slide","state":"contents","slide":"none"},"url":{"native":"assets\/769810A4-21A6-4242-9F13-379F8D8801E6.pdf"},"width":461,"height":209},"A989AF164AD38BCDD6BE0AFD1999FBD3":{"type":"texture","index":4,"assetRequest":{"type":"slide","state":"contents","slide":"none"},"url":{"native":"assets\/769810A4-21A6-4242-9F13-379F8D8801E6.pdf"},"width":142,"height":152},"1F47AD58083409028DCA3506A5D2E886":{"type":"texture","index":2,"assetRequest":{"type":"slide","state":"contents","slide":"none"},"url":{"native":"assets\/769810A4-21A6-4242-9F13-379F8D8801E6.pdf"},"width":141,"height":214},"F49E5BE14315E21F5CC5BAC64B638A77":{"type":"texture","index":1,"assetRequest":{"type":"slide","state":"contents","slide":"none"},"url":{"native":"assets\/769810A4-21A6-4242-9F13-379F8D8801E6.pdf"},"width":157,"height":203},"974A3B49838A882837980A22271B853D":{"type":"texture","index":7,"assetRequest":{"type":"slide","state":"contents","slide":"none"},"url":{"native":"assets\/769810A4-21A6-4242-9F13-379F8D8801E6.pdf"},"width":157,"height":157},"9A0A4C5497CC4F5E8794C04BE5E3B969":{"type":"texture","index":8,"assetRequest":{"type":"slide","state":"contents","slide":"none"},"url":{"native":"assets\/769810A4-21A6-4242-9F13-379F8D8801E6.pdf"},"width":144,"height":153},"1C553168B2A4490D83ED58999696829D":{"type":"texture","index":6,"assetRequest":{"type":"slide","state":"contents","slide":"none"},"url":{"native":"assets\/769810A4-21A6-4242-9F13-379F8D8801E6.pdf"},"width":180,"height":206},"ECD61C99BBF75C227BD79C6C7F72D5AC":{"type":"texture","index":3,"assetRequest":{"type":"slide","state":"contents","slide":"none"},"url":{"native":"assets\/769810A4-21A6-4242-9F13-379F8D8801E6.pdf"},"width":135,"height":155},"5B2385BCC18E8D5CA0BD91F5D3907697":{"type":"texture","index":5,"assetRequest":{"type":"slide","state":"contents","slide":"none"},"url":{"native":"assets\/769810A4-21A6-4242-9F13-379F8D8801E6.pdf"},"width":150,"height":214},"3FA3FC27A188A4E5E67D2418A6AEEEC1":{"type":"texture","index":9,"assetRequest":{"type":"slide","state":"contents","slide":"none"},"url":{"native":"assets\/769810A4-21A6-4242-9F13-379F8D8801E6.pdf"},"width":788,"height":217},"2DFD7ED644FE380F49C0BECBAF40AB93":{"type":"texture","index":0,"assetRequest":{"type":"slide","state":"contents","slide":"none"},"url":{"native":"assets\/769810A4-21A6-4242-9F13-379F8D8801E6.pdf"},"width":1920,"height":1080}},"events":[{"effects":[{"beginTime":0,"baseLayer":{"animations":[],"initialState":{"affineTransform":[1,0,0,1,0,0],"masksToBounds":false,"rotation":0,"scale":1,"position":{"pointX":867.166748046875,"pointY":493.37966918945312},"width":1274,"sublayerTransform":[1,0,0,0,0,1,0,0,0,0,1,0,0,0,0,1],"contentsRect":{"y":0,"x":0,"width":1,"height":1},"opacity":1,"edgeAntialiasingMask":251658240,"height":217,"hidden":false,"anchorPoint":{"pointX":0.5,"pointY":0.5}},"objectID":"F47EFEC6-1F77-439B-AE3B-73164AE764A7","layers":[{"animations":[],"initialState":{"affineTransform":[1,0,0,1,0,0],"masksToBounds":false,"rotation":0,"scale":1,"position":{"pointX":729.833251953125,"pointY":155.12033081054688},"width":1274,"sublayerTransform":[1,0,0,0,0,1,0,0,0,0,1,-0.00035007912466775983,0,0,0,1],"contentsRect":{"y":0,"x":0,"width":1,"height":1},"opacity":1,"edgeAntialiasingMask":251658240,"height":217,"hidden":false,"anchorPoint":{"pointX":0.57286754470417978,"pointY":0.71484023414998565}},"layers":[{"animations":[{"additive":false,"timeOffset":0,"beginTime":1e-100,"repeatCount":0,"fillMode":"both","duration":0.40000000000000002,"autoreverses":false,"animations":[{"additive":false,"timeOffset":0,"beginTime":0,"from":{"scalar":true},"repeatCount":0,"fillMode":"both","duration":0.0001,"autoreverses":false,"property":"hidden","to":{"scalar":false},"removedOnCompletion":true},{"additive":false,"timeOffset":0,"beginTime":0.0001,"from":{"scalar":false},"repeatCount":0,"fillMode":"forwards","duration":0.39990000000000003,"autoreverses":false,"property":"hidden","to":{"scalar":false},"removedOnCompletion":true}],"removedOnCompletion":false}],"layers":[],"texturedRectangle":{"singleTextureOpacity":1,"textXHeight":0.70339743842364533,"textBaseline":0.99181476125282608,"isBackgroundTexture":false,"isVerticalText":false,"textColor":[0.11887545138597488,0.59490293264389038,0.99351197481155396,1],"textureType":6},"initialState":{"affineTransform":[1,0,0,1,0,0],"masksToBounds":false,"rotation":0,"scale":1,"position":{"pointX":183.333251953125,"pointY":131.62033081054688},"width":157,"sublayerTransform":[1,0,0,0,0,1,0,0,0,0,1,0,0,0,0,1],"contentsRect":{"y":0,"x":0,"width":1,"height":1},"opacity":1,"edgeAntialiasingMask":0,"height":203,"hidden":true,"anchorPoint":{"pointX":0.5,"pointY":0.5}},"texture":"F49E5BE14315E21F5CC5BAC64B638A77"}]},{"animations":[],"initialState":{"affineTransform":[1,0,0,1,0,0],"masksToBounds":false,"rotation":0,"scale":1,"position":{"pointX":729.833251953125,"pointY":155.12033081054688},"width":1274,"sublayerTransform":[1,0,0,0,0,1,0,0,0,0,1,-0.00035007912466775983,0,0,0,1],"contentsRect":{"y":0,"x":0,"width":1,"height":1},"opacity":1,"edgeAntialiasingMask":251658240,"height":217,"hidden":false,"anchorPoint":{"pointX":0.57286754470417978,"pointY":0.71484023414998565}},"layers":[{"animations":[{"additive":false,"timeOffset":0,"beginTime":1e-100,"repeatCount":0,"fillMode":"both","duration":0.40000000000000002,"autoreverses":false,"animations":[{"additive":false,"timeOffset":0,"beginTime":0.049995000000000005,"from":{"scalar":true},"repeatCount":0,"fillMode":"both","duration":0.0001,"autoreverses":false,"property":"hidden","to":{"scalar":false},"removedOnCompletion":true},{"additive":false,"timeOffset":0,"beginTime":0.050095000000000008,"from":{"scalar":false},"repeatCount":0,"fillMode":"forwards","duration":0.34990500000000002,"autoreverses":false,"property":"hidden","to":{"scalar":false},"removedOnCompletion":true}],"removedOnCompletion":false}],"layers":[],"texturedRectangle":{"singleTextureOpacity":1,"textXHeight":0.66724149532710286,"textBaseline":0.99223549782394249,"isBackgroundTexture":false,"isVerticalText":false,"textColor":[0.11887545138597488,0.59490293264389038,0.99351197481155396,1],"textureType":6},"initialState":{"affineTransform":[1,0,0,1,0,0],"masksToBounds":false,"rotation":0,"scale":1,"position":{"pointX":338.333251953125,"pointY":126.12033081054688},"width":141,"sublayerTransform":[1,0,0,0,0,1,0,0,0,0,1,0,0,0,0,1],"contentsRect":{"y":0,"x":0,"width":1,"height":1},"opacity":1,"edgeAntialiasingMask":0,"height":214,"hidden":true,"anchorPoint":{"pointX":0.5,"pointY":0.5}},"texture":"1F47AD58083409028DCA3506A5D2E886"}]},{"animations":[],"initialState":{"affineTransform":[1,0,0,1,0,0],"masksToBounds":false,"rotation":0,"scale":1,"position":{"pointX":729.833251953125,"pointY":155.12033081054688},"width":1274,"sublayerTransform":[1,0,0,0,0,1,0,0,0,0,1,-0.00035007912466775983,0,0,0,1],"contentsRect":{"y":0,"x":0,"width":1,"height":1},"opacity":1,"edgeAntialiasingMask":251658240,"height":217,"hidden":false,"anchorPoint":{"pointX":0.57286754470417978,"pointY":0.71484023414998565}},"layers":[{"animations":[{"additive":false,"timeOffset":0,"beginTime":1e-100,"repeatCount":0,"fillMode":"both","duration":0.40000000000000002,"autoreverses":false,"animations":[{"additive":false,"timeOffset":0,"beginTime":0.099990000000000009,"from":{"scalar":true},"repeatCount":0,"fillMode":"both","duration":0.0001,"autoreverses":false,"property":"hidden","to":{"scalar":false},"removedOnCompletion":true},{"additive":false,"timeOffset":0,"beginTime":0.10009000000000001,"from":{"scalar":false},"repeatCount":0,"fillMode":"forwards","duration":0.29991000000000001,"autoreverses":false,"property":"hidden","to":{"scalar":false},"removedOnCompletion":true}],"removedOnCompletion":false}],"layers":[],"texturedRectangle":{"singleTextureOpacity":1,"textXHeight":0.92122374193548395,"textBaseline":0.96992513893112065,"isBackgroundTexture":false,"isVerticalText":false,"textColor":[0.11887545138597488,0.59490293264389038,0.99351197481155396,1],"textureType":6},"initialState":{"affineTransform":[1,0,0,1,0,0],"masksToBounds":false,"rotation":0,"scale":1,"position":{"pointX":490.333251953125,"pointY":158.62033081054688},"width":135,"sublayerTransform":[1,0,0,0,0,1,0,0,0,0,1,0,0,0,0,1],"contentsRect":{"y":0,"x":0,"width":1,"height":1},"opacity":1,"edgeAntialiasingMask":0,"height":155,"hidden":true,"anchorPoint":{"pointX":0.5,"pointY":0.5}},"texture":"ECD61C99BBF75C227BD79C6C7F72D5AC"}]},{"animations":[],"initialState":{"affineTransform":[1,0,0,1,0,0],"masksToBounds":false,"rotation":0,"scale":1,"position":{"pointX":729.833251953125,"pointY":155.12033081054688},"width":1274,"sublayerTransform":[1,0,0,0,0,1,0,0,0,0,1,-0.00035007912466775983,0,0,0,1],"contentsRect":{"y":0,"x":0,"width":1,"height":1},"opacity":1,"edgeAntialiasingMask":251658240,"height":217,"hidden":false,"anchorPoint":{"pointX":0.57286754470417978,"pointY":0.71484023414998565}},"layers":[{"animations":[{"additive":false,"timeOffset":0,"beginTime":1e-100,"repeatCount":0,"fillMode":"both","duration":0.40000000000000002,"autoreverses":false,"animations":[{"additive":false,"timeOffset":0,"beginTime":0.14998500000000001,"from":{"scalar":true},"repeatCount":0,"fillMode":"both","duration":0.0001,"autoreverses":false,"property":"hidden","to":{"scalar":false},"removedOnCompletion":true},{"additive":false,"timeOffset":0,"beginTime":0.150085,"from":{"scalar":false},"repeatCount":0,"fillMode":"forwards","duration":0.24991500000000003,"autoreverses":false,"property":"hidden","to":{"scalar":false},"removedOnCompletion":true}],"removedOnCompletion":false}],"layers":[],"texturedRectangle":{"singleTextureOpacity":1,"textXHeight":0.93940578947368425,"textBaseline":0.98906839825212955,"isBackgroundTexture":false,"isVerticalText":false,"textColor":[0.11887545138597488,0.59490293264389038,0.99351197481155396,1],"textureType":6},"initialState":{"affineTransform":[1,0,0,1,0,0],"masksToBounds":false,"rotation":0,"scale":1,"position":{"pointX":648.833251953125,"pointY":157.12033081054688},"width":142,"sublayerTransform":[1,0,0,0,0,1,0,0,0,0,1,0,0,0,0,1],"contentsRect":{"y":0,"x":0,"width":1,"height":1},"opacity":1,"edgeAntialiasingMask":0,"height":152,"hidden":true,"anchorPoint":{"pointX":0.5,"pointY":0.5}},"texture":"A989AF164AD38BCDD6BE0AFD1999FBD3"}]},{"animations":[],"initialState":{"affineTransform":[1,0,0,1,0,0],"masksToBounds":false,"rotation":0,"scale":1,"position":{"pointX":729.833251953125,"pointY":155.12033081054688},"width":1274,"sublayerTransform":[1,0,0,0,0,1,0,0,0,0,1,-0.00035007912466775983,0,0,0,1],"contentsRect":{"y":0,"x":0,"width":1,"height":1},"opacity":1,"edgeAntialiasingMask":251658240,"height":217,"hidden":false,"anchorPoint":{"pointX":0.57286754470417978,"pointY":0.71484023414998565}},"layers":[{"animations":[{"additive":false,"timeOffset":0,"beginTime":1e-100,"repeatCount":0,"fillMode":"both","duration":0.40000000000000002,"autoreverses":false,"animations":[{"additive":false,"timeOffset":0,"beginTime":0.19998000000000002,"from":{"scalar":true},"repeatCount":0,"fillMode":"both","duration":0.0001,"autoreverses":false,"property":"hidden","to":{"scalar":false},"removedOnCompletion":true},{"additive":false,"timeOffset":0,"beginTime":0.20008000000000001,"from":{"scalar":false},"repeatCount":0,"fillMode":"forwards","duration":0.19992000000000001,"autoreverses":false,"property":"hidden","to":{"scalar":false},"removedOnCompletion":true}],"removedOnCompletion":false}],"layers":[],"texturedRectangle":{"singleTextureOpacity":1,"textXHeight":0.66724149532710286,"textBaseline":0.99223549782394249,"isBackgroundTexture":false,"isVerticalText":false,"textColor":[0.11887545138597488,0.59490293264389038,0.99351197481155396,1],"textureType":6},"initialState":{"affineTransform":[1,0,0,1,0,0],"masksToBounds":false,"rotation":0,"scale":1,"position":{"pointX":817.833251953125,"pointY":126.12033081054688},"width":150,"sublayerTransform":[1,0,0,0,0,1,0,0,0,0,1,0,0,0,0,1],"contentsRect":{"y":0,"x":0,"width":1,"height":1},"opacity":1,"edgeAntialiasingMask":0,"height":214,"hidden":true,"anchorPoint":{"pointX":0.5,"pointY":0.5}},"texture":"5B2385BCC18E8D5CA0BD91F5D3907697"}]},{"animations":[],"initialState":{"affineTransform":[1,0,0,1,0,0],"masksToBounds":false,"rotation":0,"scale":1,"position":{"pointX":729.833251953125,"pointY":155.12033081054688},"width":1274,"sublayerTransform":[1,0,0,0,0,1,0,0,0,0,1,-0.00035007912466775983,0,0,0,1],"contentsRect":{"y":0,"x":0,"width":1,"height":1},"opacity":1,"edgeAntialiasingMask":251658240,"height":217,"hidden":false,"anchorPoint":{"pointX":0.57286754470417978,"pointY":0.71484023414998565}},"layers":[{"animations":[{"additive":false,"timeOffset":0,"beginTime":1e-100,"repeatCount":0,"fillMode":"both","duration":0.40000000000000002,"autoreverses":false,"animations":[{"additive":false,"timeOffset":0,"beginTime":0.24997500000000003,"from":{"scalar":true},"repeatCount":0,"fillMode":"both","duration":0.0001,"autoreverses":false,"property":"hidden","to":{"scalar":false},"removedOnCompletion":true},{"additive":false,"timeOffset":0,"beginTime":0.25007500000000005,"from":{"scalar":false},"repeatCount":0,"fillMode":"forwards","duration":0.14992499999999997,"autoreverses":false,"property":"hidden","to":{"scalar":false},"removedOnCompletion":true}],"removedOnCompletion":false}],"layers":[],"texturedRectangle":{"singleTextureOpacity":1,"textXHeight":0.70245786407766997,"textBaseline":0.9919339637588529,"isBackgroundTexture":false,"isVerticalText":false,"textColor":[0.11887545138597488,0.59490293264389038,0.99351197481155396,1],"textureType":6},"initialState":{"affineTransform":[1,0,0,1,0,0],"masksToBounds":false,"rotation":0,"scale":1,"position":{"pointX":1007.833251953125,"pointY":130.12033081054688},"width":180,"sublayerTransform":[1,0,0,0,0,1,0,0,0,0,1,0,0,0,0,1],"contentsRect":{"y":0,"x":0,"width":1,"height":1},"opacity":1,"edgeAntialiasingMask":0,"height":206,"hidden":true,"anchorPoint":{"pointX":0.5,"pointY":0.5}},"texture":"1C553168B2A4490D83ED58999696829D"}]},{"animations":[],"initialState":{"affineTransform":[1,0,0,1,0,0],"masksToBounds":false,"rotation":0,"scale":1,"position":{"pointX":729.833251953125,"pointY":155.12033081054688},"width":1274,"sublayerTransform":[1,0,0,0,0,1,0,0,0,0,1,-0.00035007912466775983,0,0,0,1],"contentsRect":{"y":0,"x":0,"width":1,"height":1},"opacity":1,"edgeAntialiasingMask":251658240,"height":217,"hidden":false,"anchorPoint":{"pointX":0.57286754470417978,"pointY":0.71484023414998565}},"layers":[{"animations":[{"additive":false,"timeOffset":0,"beginTime":1e-100,"repeatCount":0,"fillMode":"both","duration":0.40000000000000002,"autoreverses":false,"animations":[{"additive":false,"timeOffset":0,"beginTime":0.29997000000000001,"from":{"scalar":true},"repeatCount":0,"fillMode":"both","duration":0.0001,"autoreverses":false,"property":"hidden","to":{"scalar":false},"removedOnCompletion":true},{"additive":false,"timeOffset":0,"beginTime":0.30007,"from":{"scalar":false},"repeatCount":0,"fillMode":"forwards","duration":0.099930000000000019,"autoreverses":false,"property":"hidden","to":{"scalar":false},"removedOnCompletion":true}],"removedOnCompletion":false}],"layers":[],"texturedRectangle":{"singleTextureOpacity":1,"textXHeight":0.92169630573248407,"textBaseline":0.97030825818040567,"isBackgroundTexture":false,"isVerticalText":false,"textColor":[0.11887545138597488,0.59490293264389038,0.99351197481155396,1],"textureType":6},"initialState":{"affineTransform":[1,0,0,1,0,0],"masksToBounds":false,"rotation":0,"scale":1,"position":{"pointX":1142.333251953125,"pointY":157.62033081054688},"width":157,"sublayerTransform":[1,0,0,0,0,1,0,0,0,0,1,0,0,0,0,1],"contentsRect":{"y":0,"x":0,"width":1,"height":1},"opacity":1,"edgeAntialiasingMask":0,"height":157,"hidden":true,"anchorPoint":{"pointX":0.5,"pointY":0.5}},"texture":"974A3B49838A882837980A22271B853D"}]},{"animations":[],"initialState":{"affineTransform":[1,0,0,1,0,0],"masksToBounds":false,"rotation":0,"scale":1,"position":{"pointX":729.833251953125,"pointY":155.12033081054688},"width":1274,"sublayerTransform":[1,0,0,0,0,1,0,0,0,0,1,-0.00035007912466775983,0,0,0,1],"contentsRect":{"y":0,"x":0,"width":1,"height":1},"opacity":1,"edgeAntialiasingMask":251658240,"height":217,"hidden":false,"anchorPoint":{"pointX":0.57286754470417978,"pointY":0.71484023414998565}},"layers":[{"animations":[{"additive":false,"timeOffset":0,"beginTime":1e-100,"repeatCount":0,"fillMode":"both","duration":0.40000000000000002,"autoreverses":false,"animations":[{"additive":false,"timeOffset":0,"beginTime":0.34996500000000003,"from":{"scalar":true},"repeatCount":0,"fillMode":"both","duration":0.0001,"autoreverses":false,"property":"hidden","to":{"scalar":false},"removedOnCompletion":true},{"additive":false,"timeOffset":0,"beginTime":0.35006500000000002,"from":{"scalar":false},"repeatCount":0,"fillMode":"forwards","duration":0.049935000000000007,"autoreverses":false,"property":"hidden","to":{"scalar":false},"removedOnCompletion":true}],"removedOnCompletion":false}],"layers":[],"texturedRectangle":{"singleTextureOpacity":1,"textXHeight":0.94579294117647061,"textBaseline":0.96953200349231172,"isBackgroundTexture":false,"isVerticalText":false,"textColor":[0.11887545138597488,0.59490293264389038,0.99351197481155396,1],"textureType":6},"initialState":{"affineTransform":[1,0,0,1,0,0],"masksToBounds":false,"rotation":0,"scale":1,"position":{"pointX":1306.833251953125,"pointY":159.62033081054688},"width":144,"sublayerTransform":[1,0,0,0,0,1,0,0,0,0,1,0,0,0,0,1],"contentsRect":{"y":0,"x":0,"width":1,"height":1},"opacity":1,"edgeAntialiasingMask":0,"height":153,"hidden":true,"anchorPoint":{"pointX":0.5,"pointY":0.5}},"texture":"9A0A4C5497CC4F5E8794C04BE5E3B969"}]}]},"effects":[],"duration":0.40000000000000002,"type":"buildIn","attributes":{"direction":0},"name":"apple:bc-appear","objectID":"F47EFEC6-1F77-439B-AE3B-73164AE764A7"}],"automaticPlay":true,"hyperlinks":[],"accessibility":[],"baseLayer":{"animations":[],"initialState":{"affineTransform":[1,0,0,1,0,0],"masksToBounds":false,"rotation":0,"scale":1,"position":{"pointX":960,"pointY":540},"width":1920,"sublayerTransform":[1,0,0,0,0,1,0,0,0,0,1,0,0,0,0,1],"contentsRect":{"y":0,"x":0,"width":1,"height":1},"opacity":1,"edgeAntialiasingMask":251658240,"height":1080,"hidden":false,"anchorPoint":{"pointX":0.5,"pointY":0.5}},"layers":[{"animations":[],"initialState":{"affineTransform":[1,0,0,1,0,0],"masksToBounds":false,"rotation":0,"scale":1,"position":{"pointX":960,"pointY":540},"width":1920,"sublayerTransform":[1,0,0,0,0,1,0,0,0,0,1,0,0,0,0,1],"contentsRect":{"y":0,"x":0,"width":1,"height":1},"opacity":1,"edgeAntialiasingMask":251658240,"height":1080,"hidden":false,"anchorPoint":{"pointX":0.5,"pointY":0.5}},"layers":[{"animations":[],"initialState":{"affineTransform":[1,0,0,1,0,0],"masksToBounds":false,"rotation":0,"scale":1,"position":{"pointX":960,"pointY":540},"width":1920,"sublayerTransform":[1,0,0,0,0,1,0,0,0,0,1,0,0,0,0,1],"contentsRect":{"y":0,"x":0,"width":1,"height":1},"opacity":1,"edgeAntialiasingMask":251658240,"height":1080,"hidden":false,"anchorPoint":{"pointX":0.5,"pointY":0.5}},"layers":[{"animations":[],"layers":[],"texturedRectangle":{"isBackgroundTexture":true,"singleTextureOpacity":1,"textureType":1,"textBaseline":0,"textXHeight":0,"isVerticalText":false},"initialState":{"affineTransform":[1,0,0,1,0,0],"masksToBounds":false,"rotation":0,"scale":1,"position":{"pointX":960,"pointY":540},"width":1920,"sublayerTransform":[1,0,0,0,0,1,0,0,0,0,1,0,0,0,0,1],"contentsRect":{"y":0,"x":0,"width":1,"height":1},"opacity":1,"edgeAntialiasingMask":0,"height":1080,"hidden":false,"anchorPoint":{"pointX":0.5,"pointY":0.5}},"texture":"2DFD7ED644FE380F49C0BECBAF40AB93"}]}]},{"animations":[],"initialState":{"affineTransform":[1,0,0,1,0,0],"masksToBounds":false,"rotation":0,"scale":1,"position":{"pointX":960,"pointY":540},"width":1920,"sublayerTransform":[1,0,0,0,0,1,0,0,0,0,1,0,0,0,0,1],"contentsRect":{"y":0,"x":0,"width":1,"height":1},"opacity":1,"edgeAntialiasingMask":251658240,"height":1080,"hidden":false,"anchorPoint":{"pointX":0.5,"pointY":0.5}},"layers":[{"animations":[],"initialState":{"affineTransform":[1,0,0,1,0,0],"masksToBounds":false,"rotation":0,"scale":1,"position":{"pointX":867.166748046875,"pointY":493.37966918945312},"width":1274,"sublayerTransform":[1,0,0,0,0,1,0,0,0,0,1,0,0,0,0,1],"contentsRect":{"y":0,"x":0,"width":1,"height":1},"opacity":1,"edgeAntialiasingMask":251658240,"height":217,"hidden":false,"anchorPoint":{"pointX":0.5,"pointY":0.5}},"objectID":"F47EFEC6-1F77-439B-AE3B-73164AE764A7","layers":[{"animations":[],"layers":[],"texturedRectangle":{"singleTextureOpacity":1,"textXHeight":0.70339743842364533,"textBaseline":0.99181476125282608,"isBackgroundTexture":false,"isVerticalText":false,"textColor":[0.11887545138597488,0.59490293264389038,0.99351197481155396,1],"textureType":6},"initialState":{"affineTransform":[1,0,0,1,0,0],"masksToBounds":false,"rotation":0,"scale":1,"position":{"pointX":183.333251953125,"pointY":131.62033081054688},"width":157,"sublayerTransform":[1,0,0,0,0,1,0,0,0,0,1,0,0,0,0,1],"contentsRect":{"y":0,"x":0,"width":1,"height":1},"opacity":1,"edgeAntialiasingMask":0,"height":203,"hidden":true,"anchorPoint":{"pointX":0.5,"pointY":0.5}},"texture":"F49E5BE14315E21F5CC5BAC64B638A77"},{"animations":[],"layers":[],"texturedRectangle":{"singleTextureOpacity":1,"textXHeight":0.66724149532710286,"textBaseline":0.99223549782394249,"isBackgroundTexture":false,"isVerticalText":false,"textColor":[0.11887545138597488,0.59490293264389038,0.99351197481155396,1],"textureType":6},"initialState":{"affineTransform":[1,0,0,1,0,0],"masksToBounds":false,"rotation":0,"scale":1,"position":{"pointX":338.333251953125,"pointY":126.12033081054688},"width":141,"sublayerTransform":[1,0,0,0,0,1,0,0,0,0,1,0,0,0,0,1],"contentsRect":{"y":0,"x":0,"width":1,"height":1},"opacity":1,"edgeAntialiasingMask":0,"height":214,"hidden":true,"anchorPoint":{"pointX":0.5,"pointY":0.5}},"texture":"1F47AD58083409028DCA3506A5D2E886"},{"animations":[],"layers":[],"texturedRectangle":{"singleTextureOpacity":1,"textXHeight":0.92122374193548395,"textBaseline":0.96992513893112065,"isBackgroundTexture":false,"isVerticalText":false,"textColor":[0.11887545138597488,0.59490293264389038,0.99351197481155396,1],"textureType":6},"initialState":{"affineTransform":[1,0,0,1,0,0],"masksToBounds":false,"rotation":0,"scale":1,"position":{"pointX":490.333251953125,"pointY":158.62033081054688},"width":135,"sublayerTransform":[1,0,0,0,0,1,0,0,0,0,1,0,0,0,0,1],"contentsRect":{"y":0,"x":0,"width":1,"height":1},"opacity":1,"edgeAntialiasingMask":0,"height":155,"hidden":true,"anchorPoint":{"pointX":0.5,"pointY":0.5}},"texture":"ECD61C99BBF75C227BD79C6C7F72D5AC"},{"animations":[],"layers":[],"texturedRectangle":{"singleTextureOpacity":1,"textXHeight":0.93940578947368425,"textBaseline":0.98906839825212955,"isBackgroundTexture":false,"isVerticalText":false,"textColor":[0.11887545138597488,0.59490293264389038,0.99351197481155396,1],"textureType":6},"initialState":{"affineTransform":[1,0,0,1,0,0],"masksToBounds":false,"rotation":0,"scale":1,"position":{"pointX":648.833251953125,"pointY":157.12033081054688},"width":142,"sublayerTransform":[1,0,0,0,0,1,0,0,0,0,1,0,0,0,0,1],"contentsRect":{"y":0,"x":0,"width":1,"height":1},"opacity":1,"edgeAntialiasingMask":0,"height":152,"hidden":true,"anchorPoint":{"pointX":0.5,"pointY":0.5}},"texture":"A989AF164AD38BCDD6BE0AFD1999FBD3"},{"animations":[],"layers":[],"texturedRectangle":{"singleTextureOpacity":1,"textXHeight":0.66724149532710286,"textBaseline":0.99223549782394249,"isBackgroundTexture":false,"isVerticalText":false,"textColor":[0.11887545138597488,0.59490293264389038,0.99351197481155396,1],"textureType":6},"initialState":{"affineTransform":[1,0,0,1,0,0],"masksToBounds":false,"rotation":0,"scale":1,"position":{"pointX":817.833251953125,"pointY":126.12033081054688},"width":150,"sublayerTransform":[1,0,0,0,0,1,0,0,0,0,1,0,0,0,0,1],"contentsRect":{"y":0,"x":0,"width":1,"height":1},"opacity":1,"edgeAntialiasingMask":0,"height":214,"hidden":true,"anchorPoint":{"pointX":0.5,"pointY":0.5}},"texture":"5B2385BCC18E8D5CA0BD91F5D3907697"},{"animations":[],"layers":[],"texturedRectangle":{"singleTextureOpacity":1,"textXHeight":0.70245786407766997,"textBaseline":0.9919339637588529,"isBackgroundTexture":false,"isVerticalText":false,"textColor":[0.11887545138597488,0.59490293264389038,0.99351197481155396,1],"textureType":6},"initialState":{"affineTransform":[1,0,0,1,0,0],"masksToBounds":false,"rotation":0,"scale":1,"position":{"pointX":1007.833251953125,"pointY":130.12033081054688},"width":180,"sublayerTransform":[1,0,0,0,0,1,0,0,0,0,1,0,0,0,0,1],"contentsRect":{"y":0,"x":0,"width":1,"height":1},"opacity":1,"edgeAntialiasingMask":0,"height":206,"hidden":true,"anchorPoint":{"pointX":0.5,"pointY":0.5}},"texture":"1C553168B2A4490D83ED58999696829D"},{"animations":[],"layers":[],"texturedRectangle":{"singleTextureOpacity":1,"textXHeight":0.92169630573248407,"textBaseline":0.97030825818040567,"isBackgroundTexture":false,"isVerticalText":false,"textColor":[0.11887545138597488,0.59490293264389038,0.99351197481155396,1],"textureType":6},"initialState":{"affineTransform":[1,0,0,1,0,0],"masksToBounds":false,"rotation":0,"scale":1,"position":{"pointX":1142.333251953125,"pointY":157.62033081054688},"width":157,"sublayerTransform":[1,0,0,0,0,1,0,0,0,0,1,0,0,0,0,1],"contentsRect":{"y":0,"x":0,"width":1,"height":1},"opacity":1,"edgeAntialiasingMask":0,"height":157,"hidden":true,"anchorPoint":{"pointX":0.5,"pointY":0.5}},"texture":"974A3B49838A882837980A22271B853D"},{"animations":[],"layers":[],"texturedRectangle":{"singleTextureOpacity":1,"textXHeight":0.94579294117647061,"textBaseline":0.96953200349231172,"isBackgroundTexture":false,"isVerticalText":false,"textColor":[0.11887545138597488,0.59490293264389038,0.99351197481155396,1],"textureType":6},"initialState":{"affineTransform":[1,0,0,1,0,0],"masksToBounds":false,"rotation":0,"scale":1,"position":{"pointX":1306.833251953125,"pointY":159.62033081054688},"width":144,"sublayerTransform":[1,0,0,0,0,1,0,0,0,0,1,0,0,0,0,1],"contentsRect":{"y":0,"x":0,"width":1,"height":1},"opacity":1,"edgeAntialiasingMask":0,"height":153,"hidden":true,"anchorPoint":{"pointX":0.5,"pointY":0.5}},"texture":"9A0A4C5497CC4F5E8794C04BE5E3B969"}]}]}]}},{"effects":[{"beginTime":0,"baseLayer":{"animations":[],"initialState":{"affineTransform":[1,0,0,1,0,0],"masksToBounds":false,"rotation":0,"scale":1,"position":{"pointX":960,"pointY":540},"width":1920,"sublayerTransform":[1,0,0,0,0,1,0,0,0,0,1,0,0,0,0,1],"contentsRect":{"y":0,"x":0,"width":1,"height":1},"opacity":1,"edgeAntialiasingMask":251658240,"height":1080,"hidden":false,"anchorPoint":{"pointX":0.5,"pointY":0.5}},"objectID":"0","layers":[{"animations":[],"initialState":{"affineTransform":[1,0,0,1,0,0],"masksToBounds":false,"rotation":0,"scale":1,"position":{"pointX":960,"pointY":540},"width":1920,"sublayerTransform":[1,0,0,0,0,1,0,0,0,0,1,-0.00035007912466775983,0,0,0,1],"contentsRect":{"y":0,"x":0,"width":1,"height":1},"opacity":1,"edgeAntialiasingMask":251658240,"height":1080,"hidden":false,"anchorPoint":{"pointX":0.5,"pointY":0.5}},"layers":[{"animations":[{"additive":false,"timeOffset":0,"beginTime":0,"repeatCount":0,"fillMode":"both","duration":0.80000001192092896,"autoreverses":false,"animations":[{"repeatCount":0,"removedOnCompletion":true,"from":{"scalar":0},"timingFunction":"EaseInEaseOut","additive":false,"timeOffset":0,"autoreverses":false,"property":"zPosition","fillMode":"both","duration":0.80000001192092896,"beginTime":0,"to":{"scalar":0}}],"removedOnCompletion":false}],"initialState":{"affineTransform":[1,0,0,1,0,0],"masksToBounds":false,"rotation":0,"scale":1,"position":{"pointX":960,"pointY":540},"width":1920,"sublayerTransform":[1,0,0,0,0,1,0,0,0,0,1,0,0,0,0,1],"contentsRect":{"y":0,"x":0,"width":1,"height":1},"opacity":1,"edgeAntialiasingMask":251658240,"height":1080,"hidden":false,"anchorPoint":{"pointX":0.5,"pointY":0.5}},"layers":[{"animations":[{"additive":false,"timeOffset":0,"beginTime":0,"repeatCount":0,"fillMode":"both","duration":0.80000001192092896,"autoreverses":false,"animations":[{"repeatCount":0,"removedOnCompletion":true,"from":{"scalar":1},"timingFunction":"EaseInEaseOut","additive":false,"timeOffset":0,"autoreverses":false,"property":"opacity","fillMode":"forwards","duration":0.80000001192092896,"beginTime":0,"to":{"scalar":0}},{"additive":false,"timeOffset":0,"beginTime":0.79920001190900802,"from":{"scalar":true},"repeatCount":0,"fillMode":"forwards","duration":0.00080000001192093162,"autoreverses":false,"property":"hidden","to":{"scalar":true},"removedOnCompletion":true}],"removedOnCompletion":false}],"layers":[],"texturedRectangle":{"isBackgroundTexture":true,"singleTextureOpacity":1,"textureType":1,"textBaseline":0,"textXHeight":0,"isVerticalText":false},"initialState":{"affineTransform":[1,0,0,1,0,0],"masksToBounds":false,"rotation":0,"scale":1,"position":{"pointX":960,"pointY":540},"width":1920,"sublayerTransform":[1,0,0,0,0,1,0,0,0,0,1,0,0,0,0,1],"contentsRect":{"y":0,"x":0,"width":1,"height":1},"opacity":1,"edgeAntialiasingMask":0,"height":1080,"hidden":false,"anchorPoint":{"pointX":0.5,"pointY":0.5}},"texture":"2DFD7ED644FE380F49C0BECBAF40AB93"}]}]},{"animations":[{"additive":false,"timeOffset":0,"beginTime":0,"repeatCount":0,"fillMode":"both","duration":0.80000001192092896,"autoreverses":false,"animations":[{"repeatCount":0,"removedOnCompletion":true,"from":{"scalar":0.001},"timingFunction":"EaseInEaseOut","additive":false,"timeOffset":0,"autoreverses":false,"property":"zPosition","fillMode":"both","duration":0.80000001192092896,"beginTime":0,"to":{"scalar":0.001}}],"removedOnCompletion":false}],"initialState":{"affineTransform":[1,0,0,1,0,0],"masksToBounds":false,"rotation":0,"scale":1,"position":{"pointX":960,"pointY":540},"width":1459.66650390625,"sublayerTransform":[1,0,0,0,0,1,0,0,0,0,1,0,0,0,0,1],"contentsRect":{"y":0,"x":0,"width":1,"height":1},"opacity":1,"edgeAntialiasingMask":251658240,"height":310.24066162109375,"hidden":false,"anchorPoint":{"pointX":0.5,"pointY":0.5}},"layers":[{"animations":[{"additive":false,"timeOffset":0,"beginTime":0,"repeatCount":0,"fillMode":"both","duration":0.80000001192092896,"autoreverses":false,"animations":[{"repeatCount":0,"removedOnCompletion":true,"from":{"scalar":1},"timingFunction":"EaseInEaseOut","additive":false,"timeOffset":0,"autoreverses":false,"property":"opacity","fillMode":"forwards","duration":0.80000001192092896,"beginTime":0,"to":{"scalar":0}},{"additive":false,"timeOffset":0,"beginTime":0.79920001190900802,"from":{"scalar":true},"repeatCount":0,"fillMode":"forwards","duration":0.00080000001192093162,"autoreverses":false,"property":"hidden","to":{"scalar":true},"removedOnCompletion":true}],"removedOnCompletion":false}],"layers":[],"texturedRectangle":{"singleTextureOpacity":1,"textXHeight":0.6580169585253457,"textBaseline":0.97851795637937189,"isBackgroundTexture":true,"isVerticalText":false,"textColor":[0.11887545138597488,0.59490293264389038,0.99351197481155396,1],"textureType":6},"initialState":{"affineTransform":[1,0,0,1,0,0],"masksToBounds":false,"rotation":0,"scale":1,"position":{"pointX":729.833251953125,"pointY":155.12033081054688},"width":788,"sublayerTransform":[1,0,0,0,0,1,0,0,0,0,1,0,0,0,0,1],"contentsRect":{"y":0,"x":0,"width":1,"height":1},"opacity":1,"edgeAntialiasingMask":0,"height":217,"hidden":false,"anchorPoint":{"pointX":0.79314720812182737,"pointY":0.62672811059907829}},"texture":"3FA3FC27A188A4E5E67D2418A6AEEEC1"}]},{"animations":[{"additive":false,"timeOffset":0,"beginTime":0,"repeatCount":0,"fillMode":"both","duration":0.80000001192092896,"autoreverses":false,"animations":[{"repeatCount":0,"removedOnCompletion":true,"from":{"scalar":0.002},"timingFunction":"EaseInEaseOut","additive":false,"timeOffset":0,"autoreverses":false,"property":"zPosition","fillMode":"both","duration":0.80000001192092896,"beginTime":0,"to":{"scalar":0.002}}],"removedOnCompletion":false}],"initialState":{"affineTransform":[1,0,0,1,0,0],"masksToBounds":false,"rotation":0,"scale":1,"position":{"pointX":960,"pointY":540},"width":1459.66650390625,"sublayerTransform":[1,0,0,0,0,1,0,0,0,0,1,0,0,0,0,1],"contentsRect":{"y":0,"x":0,"width":1,"height":1},"opacity":1,"edgeAntialiasingMask":251658240,"height":310.24066162109375,"hidden":false,"anchorPoint":{"pointX":0.5,"pointY":0.5}},"layers":[{"animations":[{"additive":false,"timeOffset":0,"beginTime":0,"repeatCount":0,"fillMode":"both","duration":0.80000001192092896,"autoreverses":false,"animations":[{"repeatCount":0,"removedOnCompletion":true,"from":{"scalar":1},"timingFunction":"EaseInEaseOut","additive":false,"timeOffset":0,"autoreverses":false,"property":"opacity","fillMode":"forwards","duration":0.80000001192092896,"beginTime":0,"to":{"scalar":0}},{"additive":false,"timeOffset":0,"beginTime":0.79920001190900802,"from":{"scalar":true},"repeatCount":0,"fillMode":"forwards","duration":0.00080000001192093162,"autoreverses":false,"property":"hidden","to":{"scalar":true},"removedOnCompletion":true}],"removedOnCompletion":false}],"layers":[],"texturedRectangle":{"singleTextureOpacity":1,"textXHeight":0.69237473684210527,"textBaseline":0.97769567719772099,"isBackgroundTexture":true,"isVerticalText":false,"textColor":[0.11887545138597488,0.59490293264389038,0.99351197481155396,1],"textureType":6},"initialState":{"affineTransform":[1,0,0,1,0,0],"masksToBounds":false,"rotation":0,"scale":1,"position":{"pointX":729.833251953125,"pointY":155.12033081054688},"width":461,"sublayerTransform":[1,0,0,0,0,1,0,0,0,0,1,0,0,0,0,1],"contentsRect":{"y":0,"x":0,"width":1,"height":1},"opacity":1,"edgeAntialiasingMask":0,"height":209,"hidden":false,"anchorPoint":{"pointX":-0.40780911062906722,"pointY":0.61244019138755978}},"texture":"68866925189F17C44F7CF642977DE636"}]}]},"effects":[],"duration":0.80000001192092896,"type":"transition","attributes":{"direction":0},"name":"apple:magic-move-implied-motion-path","objectID":"0"}],"automaticPlay":false,"hyperlinks":[],"accessibility":[{"text":"Thank You","targetRectangle":{"y":391.87966918945312,"x":332.32397937836595,"width":1282.3826417910586,"height":299.20387881994247}}],"baseLayer":{"animations":[],"initialState":{"affineTransform":[1,0,0,1,0,0],"masksToBounds":false,"rotation":0,"scale":1,"position":{"pointX":960,"pointY":540},"width":1920,"sublayerTransform":[1,0,0,0,0,1,0,0,0,0,1,0,0,0,0,1],"contentsRect":{"y":0,"x":0,"width":1,"height":1},"opacity":1,"edgeAntialiasingMask":251658240,"height":1080,"hidden":false,"anchorPoint":{"pointX":0.5,"pointY":0.5}},"objectID":"0","layers":[{"animations":[],"initialState":{"affineTransform":[1,0,0,1,0,0],"masksToBounds":false,"rotation":0,"scale":1,"position":{"pointX":960,"pointY":540},"width":1920,"sublayerTransform":[1,0,0,0,0,1,0,0,0,0,1,-0.00035007912466775983,0,0,0,1],"contentsRect":{"y":0,"x":0,"width":1,"height":1},"opacity":1,"edgeAntialiasingMask":251658240,"height":1080,"hidden":false,"anchorPoint":{"pointX":0.5,"pointY":0.5}},"layers":[{"animations":[],"initialState":{"affineTransform":[1,0,0,1,0,0],"masksToBounds":false,"rotation":0,"scale":1,"position":{"pointX":960,"pointY":540},"width":1920,"sublayerTransform":[1,0,0,0,0,1,0,0,0,0,1,0,0,0,0,1],"contentsRect":{"y":0,"x":0,"width":1,"height":1},"opacity":1,"edgeAntialiasingMask":251658240,"height":1080,"hidden":false,"anchorPoint":{"pointX":0.5,"pointY":0.5}},"layers":[{"animations":[],"layers":[],"texturedRectangle":{"isBackgroundTexture":true,"singleTextureOpacity":1,"textureType":1,"textBaseline":0,"textXHeight":0,"isVerticalText":false},"initialState":{"affineTransform":[1,0,0,1,0,0],"masksToBounds":false,"rotation":0,"scale":1,"position":{"pointX":960,"pointY":540},"width":1920,"sublayerTransform":[1,0,0,0,0,1,0,0,0,0,1,0,0,0,0,1],"contentsRect":{"y":0,"x":0,"width":1,"height":1},"opacity":1,"edgeAntialiasingMask":0,"height":1080,"hidden":false,"anchorPoint":{"pointX":0.5,"pointY":0.5}},"texture":"2DFD7ED644FE380F49C0BECBAF40AB93"}]}]},{"animations":[],"initialState":{"affineTransform":[1,0,0,1,0,0],"masksToBounds":false,"rotation":0,"scale":1,"position":{"pointX":960,"pointY":540},"width":1459.66650390625,"sublayerTransform":[1,0,0,0,0,1,0,0,0,0,1,0,0,0,0,1],"contentsRect":{"y":0,"x":0,"width":1,"height":1},"opacity":1,"edgeAntialiasingMask":251658240,"height":310.24066162109375,"hidden":false,"anchorPoint":{"pointX":0.5,"pointY":0.5}},"layers":[{"animations":[],"layers":[],"texturedRectangle":{"singleTextureOpacity":1,"textXHeight":0.6580169585253457,"textBaseline":0.97851795637937189,"isBackgroundTexture":true,"isVerticalText":false,"textColor":[0.11887545138597488,0.59490293264389038,0.99351197481155396,1],"textureType":6},"initialState":{"affineTransform":[1,0,0,1,0,0],"masksToBounds":false,"rotation":0,"scale":1,"position":{"pointX":729.833251953125,"pointY":155.12033081054688},"width":788,"sublayerTransform":[1,0,0,0,0,1,0,0,0,0,1,0,0,0,0,1],"contentsRect":{"y":0,"x":0,"width":1,"height":1},"opacity":1,"edgeAntialiasingMask":0,"height":217,"hidden":false,"anchorPoint":{"pointX":0.79314720812182737,"pointY":0.62672811059907829}},"texture":"3FA3FC27A188A4E5E67D2418A6AEEEC1"}]},{"animations":[],"initialState":{"affineTransform":[1,0,0,1,0,0],"masksToBounds":false,"rotation":0,"scale":1,"position":{"pointX":960,"pointY":540},"width":1459.66650390625,"sublayerTransform":[1,0,0,0,0,1,0,0,0,0,1,0,0,0,0,1],"contentsRect":{"y":0,"x":0,"width":1,"height":1},"opacity":1,"edgeAntialiasingMask":251658240,"height":310.24066162109375,"hidden":false,"anchorPoint":{"pointX":0.5,"pointY":0.5}},"layers":[{"animations":[],"layers":[],"texturedRectangle":{"singleTextureOpacity":1,"textXHeight":0.69237473684210527,"textBaseline":0.97769567719772099,"isBackgroundTexture":true,"isVerticalText":false,"textColor":[0.11887545138597488,0.59490293264389038,0.99351197481155396,1],"textureType":6},"initialState":{"affineTransform":[1,0,0,1,0,0],"masksToBounds":false,"rotation":0,"scale":1,"position":{"pointX":729.833251953125,"pointY":155.12033081054688},"width":461,"sublayerTransform":[1,0,0,0,0,1,0,0,0,0,1,0,0,0,0,1],"contentsRect":{"y":0,"x":0,"width":1,"height":1},"opacity":1,"edgeAntialiasingMask":0,"height":209,"hidden":false,"anchorPoint":{"pointX":-0.40780911062906722,"pointY":0.61244019138755978}},"texture":"68866925189F17C44F7CF642977DE636"}]}]}}]}