{"autoplayTransitionDelay":5,"author":"","timestamp":"2022-28-10 12:10:7","loopSlideshow":0,"filename":"dbms.key","autoplayBuildDelay":2,"comment":"","title":"dbms.key","showMode":0,"creator":"Apple Keynote 12.1","slideList":["C8287A77-426D-4E31-9DA2-A6D1528DA506","47F6AD2D-A978-441C-B12E-BE68C1AF5E86","1B277B4C-325E-432E-80A6-6BB4329BEAEA","20CE7253-42CC-4D07-A7A5-021A0F3546EB","51644260-BA72-4E26-BE1C-DC3299DDE550","E2916D3E-2F6F-496D-8DC7-25B14865D1AB","F01957D9-BDCE-4A72-A722-EE0ED8EF9D1B","0F095431-5B0B-46BD-AEDF-7C4E9416B7EC","2F0D622C-A7E1-4DB4-B08E-C1A3590219C9","DE07A844-6272-4571-B61D-BFB96CAF4565","4F54826D-A644-4969-9865-27589CA49DAD","B3B383D9-B674-41BE-86B8-DAED34C3C42B","87485E2F-CD10-4139-A011-0DD1B09C2CD2","711E3C20-216A-4910-9990-1D7512B8AD08","82BC8E8E-7DCB-428F-9370-4D40F0123342","EC869D4E-F22B-42FE-813E-3CED6A9B5BC3","8083A130-498B-49F8-A9AC-EF8167668844","8728B4DE-75E7-4A13-8D2C-D28BF4BF3F99","769810A4-21A6-4242-9F13-379F8D8801E6"],"soundtrack":{"mode":0,"volume":1},"slideWidth":1920,"slideHeight":1080,"slideCount":19,"majorVersion":1,"minorVersion":2,"fonts":["Graphik-Regular","Graphik-Semibold","Graphik-RegularItalic","Graphik-Medium","HelveticaNeue","Helvetica","MyriadPro-Bold"]}