{"assets":{"D0A4F81105D8028BF52FFA8F48B3647D":{"type":"texture","index":8,"assetRequest":{"type":"slide","state":"contents","slide":"none"},"url":{"native":"assets\/23021CB5-80A8-42D0-954B-D353ECE231B9.pdf"},"width":346,"height":57},"46340DD41F2F320FC1D79EE03416ADB4":{"type":"texture","index":5,"assetRequest":{"type":"slide","state":"contents","slide":"none"},"url":{"native":"assets\/23021CB5-80A8-42D0-954B-D353ECE231B9.pdf"},"width":281,"height":228},"32D295946EB008DFB9C77B4CDB456AC1":{"type":"texture","index":0,"assetRequest":{"type":"slide","state":"contents","slide":"none"},"url":{"native":"assets\/23021CB5-80A8-42D0-954B-D353ECE231B9.pdf"},"width":1920,"height":1080},"55574336AD94A45A7B505D45BE20E5C3":{"type":"texture","index":9,"assetRequest":{"type":"slide","state":"contents","slide":"none"},"url":{"native":"assets\/23021CB5-80A8-42D0-954B-D353ECE231B9.pdf"},"width":261,"height":46},"C195F05EE061031DE83B258C3F530CB1":{"type":"texture","index":3,"assetRequest":{"type":"slide","state":"contents","slide":"none"},"url":{"native":"assets\/23021CB5-80A8-42D0-954B-D353ECE231B9.pdf"},"width":346,"height":57},"876BB501C26BB98B9D741276697331B6":{"type":"texture","index":10,"assetRequest":{"type":"slide","state":"contents","slide":"none"},"url":{"native":"assets\/23021CB5-80A8-42D0-954B-D353ECE231B9.pdf"},"width":1142,"height":99},"2129DAF635AB135D4A85D9B7FB68E8F2":{"type":"texture","index":6,"assetRequest":{"type":"slide","state":"contents","slide":"none"},"url":{"native":"assets\/23021CB5-80A8-42D0-954B-D353ECE231B9.pdf"},"width":103,"height":103},"C586932E08493100C756463895741045":{"type":"texture","index":2,"assetRequest":{"type":"slide","state":"contents","slide":"none"},"url":{"native":"assets\/23021CB5-80A8-42D0-954B-D353ECE231B9.pdf"},"width":1296,"height":112},"4358621D2F9672BDE42064DE264A19A0":{"type":"texture","index":4,"assetRequest":{"type":"slide","state":"contents","slide":"none"},"url":{"native":"assets\/23021CB5-80A8-42D0-954B-D353ECE231B9.pdf"},"width":261,"height":46},"CC0394FB282A4E2733DF3A6585DC2653":{"type":"texture","index":7,"assetRequest":{"type":"slide","state":"contents","slide":"none"},"url":{"native":"assets\/23021CB5-80A8-42D0-954B-D353ECE231B9.pdf"},"width":281,"height":228},"8CAD2F4D313ADE4646393229DD9D9350":{"type":"texture","index":1,"assetRequest":{"type":"slide","state":"contents","slide":"none"},"url":{"native":"assets\/23021CB5-80A8-42D0-954B-D353ECE231B9.pdf"},"width":346,"height":115}},"events":[{"effects":[{"beginTime":0.5,"baseLayer":{"animations":[],"initialState":{"affineTransform":[1,0,0,1,0,0],"masksToBounds":false,"rotation":0,"scale":1,"position":{"pointX":717.77874755859375,"pointY":521.58056640625},"width":1296,"sublayerTransform":[1,0,0,0,0,1,0,0,0,0,1,0,0,0,0,1],"contentsRect":{"y":0,"x":0,"width":1,"height":1},"opacity":1,"edgeAntialiasingMask":251658240,"height":112,"hidden":false,"anchorPoint":{"pointX":0.5,"pointY":0.5}},"objectID":"95A3C4FB-9CD9-4B06-9F2D-7B64B289B264","layers":[{"animations":[],"initialState":{"affineTransform":[1,0,0,1,0,0],"masksToBounds":false,"rotation":0,"scale":1,"position":{"pointX":890.22125244140625,"pointY":74.41943359375},"width":1296,"sublayerTransform":[1,0,0,0,0,1,0,0,0,0,1,-0.00035007912466775983,0,0,0,1],"contentsRect":{"y":0,"x":0,"width":1,"height":1},"opacity":1,"edgeAntialiasingMask":251658240,"height":112,"hidden":false,"anchorPoint":{"pointX":0.68689911453812214,"pointY":0.664459228515625}},"layers":[{"animations":[{"additive":false,"timeOffset":0,"beginTime":0.5,"repeatCount":0,"fillMode":"both","duration":0.20000000000000001,"autoreverses":false,"animations":[{"repeatCount":0,"removedOnCompletion":true,"from":{"scalar":0},"timingFunction":"EaseInEaseOut","additive":false,"timeOffset":0,"autoreverses":false,"property":"opacity","fillMode":"both","duration":0.20000000000000001,"beginTime":0,"to":{"scalar":1}},{"additive":false,"timeOffset":0,"beginTime":0,"from":{"scalar":false},"repeatCount":0,"fillMode":"forwards","duration":0.20000000000000001,"autoreverses":false,"property":"hidden","to":{"scalar":false},"removedOnCompletion":true}],"removedOnCompletion":false}],"layers":[],"texturedRectangle":{"singleTextureOpacity":1,"textXHeight":0.50128571428571433,"textBaseline":0.75339696982077187,"isBackgroundTexture":true,"isVerticalText":false,"textColor":[1,0,0.8456418514251709,1],"textureType":6},"initialState":{"affineTransform":[1,0,0,1,0,0],"masksToBounds":false,"rotation":0,"scale":1,"position":{"pointX":911.22125244140625,"pointY":87.41943359375},"width":1296,"sublayerTransform":[1,0,0,0,0,1,0,0,0,0,1,0,0,0,0,1],"contentsRect":{"y":0,"x":0,"width":1,"height":1},"opacity":1,"edgeAntialiasingMask":0,"height":112,"hidden":true,"anchorPoint":{"pointX":0.5,"pointY":0.5}},"texture":"C586932E08493100C756463895741045"}]}]},"effects":[],"duration":0.20000000000000001,"type":"buildIn","attributes":{"KNBuildCustomAttributesShine":true,"direction":0,"KNBuildCustomAttributesScaleAmount":70},"name":"com.apple.iWork.Keynote.FromDarkness","objectID":"95A3C4FB-9CD9-4B06-9F2D-7B64B289B264"}],"automaticPlay":true,"hyperlinks":[],"accessibility":[{"text":"Benefits of ","targetRectangle":{"y":66.423179626464844,"x":829.93775982143211,"width":268.35480046638236,"height":57.407976508140564}},{"text":"Data Sharding","targetRectangle":{"y":123.94158500919315,"x":785.65631978256692,"width":346.94856050524754,"height":57.407976508140564}}],"baseLayer":{"animations":[],"initialState":{"affineTransform":[1,0,0,1,0,0],"masksToBounds":false,"rotation":0,"scale":1,"position":{"pointX":960,"pointY":540},"width":1920,"sublayerTransform":[1,0,0,0,0,1,0,0,0,0,1,0,0,0,0,1],"contentsRect":{"y":0,"x":0,"width":1,"height":1},"opacity":1,"edgeAntialiasingMask":251658240,"height":1080,"hidden":false,"anchorPoint":{"pointX":0.5,"pointY":0.5}},"layers":[{"animations":[],"initialState":{"affineTransform":[1,0,0,1,0,0],"masksToBounds":false,"rotation":0,"scale":1,"position":{"pointX":960,"pointY":540},"width":1920,"sublayerTransform":[1,0,0,0,0,1,0,0,0,0,1,0,0,0,0,1],"contentsRect":{"y":0,"x":0,"width":1,"height":1},"opacity":1,"edgeAntialiasingMask":251658240,"height":1080,"hidden":false,"anchorPoint":{"pointX":0.5,"pointY":0.5}},"layers":[{"animations":[],"initialState":{"affineTransform":[1,0,0,1,0,0],"masksToBounds":false,"rotation":0,"scale":1,"position":{"pointX":960,"pointY":540},"width":1920,"sublayerTransform":[1,0,0,0,0,1,0,0,0,0,1,0,0,0,0,1],"contentsRect":{"y":0,"x":0,"width":1,"height":1},"opacity":1,"edgeAntialiasingMask":251658240,"height":1080,"hidden":false,"anchorPoint":{"pointX":0.5,"pointY":0.5}},"layers":[{"animations":[],"layers":[],"texturedRectangle":{"isBackgroundTexture":true,"singleTextureOpacity":1,"textureType":1,"textBaseline":0,"textXHeight":0,"isVerticalText":false},"initialState":{"affineTransform":[1,0,0,1,0,0],"masksToBounds":false,"rotation":0,"scale":1,"position":{"pointX":960,"pointY":540},"width":1920,"sublayerTransform":[1,0,0,0,0,1,0,0,0,0,1,0,0,0,0,1],"contentsRect":{"y":0,"x":0,"width":1,"height":1},"opacity":1,"edgeAntialiasingMask":0,"height":1080,"hidden":false,"anchorPoint":{"pointX":0.5,"pointY":0.5}},"texture":"32D295946EB008DFB9C77B4CDB456AC1"}]}]},{"animations":[],"initialState":{"affineTransform":[1,0,0,1,0,0],"masksToBounds":false,"rotation":0,"scale":1,"position":{"pointX":960,"pointY":540},"width":1920,"sublayerTransform":[1,0,0,0,0,1,0,0,0,0,1,0,0,0,0,1],"contentsRect":{"y":0,"x":0,"width":1,"height":1},"opacity":1,"edgeAntialiasingMask":251658240,"height":1080,"hidden":false,"anchorPoint":{"pointX":0.5,"pointY":0.5}},"layers":[{"animations":[],"initialState":{"affineTransform":[1,0,0,1,0,0],"masksToBounds":false,"rotation":0,"scale":1,"position":{"pointX":282.98895263671875,"pointY":119.92317962646484},"width":346,"sublayerTransform":[1,0,0,0,0,1,0,0,0,0,1,0,0,0,0,1],"contentsRect":{"y":0,"x":0,"width":1,"height":1},"opacity":1,"edgeAntialiasingMask":251658240,"height":115,"hidden":false,"anchorPoint":{"pointX":0.5,"pointY":0.5}},"layers":[{"animations":[],"layers":[],"texturedRectangle":{"singleTextureOpacity":1,"textXHeight":0.24393600000000001,"textBaseline":0.87703941002182106,"isBackgroundTexture":true,"isVerticalText":false,"textColor":[0.11887545138597488,0.59490293264389038,0.99351197481155396,1],"textureType":6},"initialState":{"affineTransform":[1,0,0,1,0,0],"masksToBounds":false,"rotation":0,"scale":1,"position":{"pointX":850.01104736328125,"pointY":61.076820373535163},"width":346,"sublayerTransform":[1,0,0,0,0,1,0,0,0,0,1,0,0,0,0,1],"contentsRect":{"y":0,"x":0,"width":1,"height":1},"opacity":1,"edgeAntialiasingMask":0,"height":115,"hidden":false,"anchorPoint":{"pointX":0.5,"pointY":0.5}},"texture":"8CAD2F4D313ADE4646393229DD9D9350"}]}]},{"animations":[],"initialState":{"affineTransform":[1,0,0,1,0,0],"masksToBounds":false,"rotation":0,"scale":1,"position":{"pointX":960,"pointY":540},"width":1920,"sublayerTransform":[1,0,0,0,0,1,0,0,0,0,1,0,0,0,0,1],"contentsRect":{"y":0,"x":0,"width":1,"height":1},"opacity":1,"edgeAntialiasingMask":251658240,"height":1080,"hidden":false,"anchorPoint":{"pointX":0.5,"pointY":0.5}},"layers":[{"animations":[],"initialState":{"affineTransform":[1,0,0,1,0,0],"masksToBounds":false,"rotation":0,"scale":1,"position":{"pointX":717.77874755859375,"pointY":521.58056640625},"width":1296,"sublayerTransform":[1,0,0,0,0,1,0,0,0,0,1,0,0,0,0,1],"contentsRect":{"y":0,"x":0,"width":1,"height":1},"opacity":1,"edgeAntialiasingMask":251658240,"height":112,"hidden":false,"anchorPoint":{"pointX":0.5,"pointY":0.5}},"objectID":"95A3C4FB-9CD9-4B06-9F2D-7B64B289B264","layers":[{"animations":[],"layers":[],"texturedRectangle":{"singleTextureOpacity":1,"textXHeight":0.50128571428571433,"textBaseline":0.75339696982077187,"isBackgroundTexture":true,"isVerticalText":false,"textColor":[1,0,0.8456418514251709,1],"textureType":6},"initialState":{"affineTransform":[1,0,0,1,0,0],"masksToBounds":false,"rotation":0,"scale":1,"position":{"pointX":911.22125244140625,"pointY":87.41943359375},"width":1296,"sublayerTransform":[1,0,0,0,0,1,0,0,0,0,1,0,0,0,0,1],"contentsRect":{"y":0,"x":0,"width":1,"height":1},"opacity":1,"edgeAntialiasingMask":0,"height":112,"hidden":true,"anchorPoint":{"pointX":0.5,"pointY":0.5}},"texture":"C586932E08493100C756463895741045"}]}]}]}},{"effects":[{"beginTime":0,"baseLayer":{"animations":[],"initialState":{"affineTransform":[1,0,0,1,0,0],"masksToBounds":false,"rotation":0,"scale":1,"position":{"pointX":960,"pointY":540},"width":1920,"sublayerTransform":[1,0,0,0,0,1,0,0,0,0,1,0,0,0,0,1],"contentsRect":{"y":0,"x":0,"width":1,"height":1},"opacity":1,"edgeAntialiasingMask":251658240,"height":1080,"hidden":false,"anchorPoint":{"pointX":0.5,"pointY":0.5}},"objectID":"0","layers":[{"animations":[],"initialState":{"affineTransform":[1,0,0,1,0,0],"masksToBounds":false,"rotation":0,"scale":1,"position":{"pointX":960,"pointY":540},"width":1920,"sublayerTransform":[1,0,0,0,0,1,0,0,0,0,1,-0.00035007912466775983,0,0,0,1],"contentsRect":{"y":0,"x":0,"width":1,"height":1},"opacity":1,"edgeAntialiasingMask":251658240,"height":1080,"hidden":false,"anchorPoint":{"pointX":0.5,"pointY":0.5}},"layers":[{"animations":[{"additive":false,"timeOffset":0,"beginTime":0,"repeatCount":0,"fillMode":"both","duration":0.89999997615814209,"autoreverses":false,"animations":[{"repeatCount":0,"removedOnCompletion":true,"from":{"scalar":0},"timingFunction":"EaseInEaseOut","additive":false,"timeOffset":0,"autoreverses":false,"property":"zPosition","fillMode":"both","duration":0.89999997615814209,"beginTime":0,"to":{"scalar":0}}],"removedOnCompletion":false}],"initialState":{"affineTransform":[1,0,0,1,0,0],"masksToBounds":false,"rotation":0,"scale":1,"position":{"pointX":960,"pointY":540},"width":1920,"sublayerTransform":[1,0,0,0,0,1,0,0,0,0,1,0,0,0,0,1],"contentsRect":{"y":0,"x":0,"width":1,"height":1},"opacity":1,"edgeAntialiasingMask":251658240,"height":1080,"hidden":false,"anchorPoint":{"pointX":0.5,"pointY":0.5}},"layers":[{"animations":[],"layers":[],"texturedRectangle":{"isBackgroundTexture":true,"singleTextureOpacity":1,"textureType":1,"textBaseline":0,"textXHeight":0,"isVerticalText":false},"initialState":{"affineTransform":[1,0,0,1,0,0],"masksToBounds":false,"rotation":0,"scale":1,"position":{"pointX":960,"pointY":540},"width":1920,"sublayerTransform":[1,0,0,0,0,1,0,0,0,0,1,0,0,0,0,1],"contentsRect":{"y":0,"x":0,"width":1,"height":1},"opacity":1,"edgeAntialiasingMask":0,"height":1080,"hidden":false,"anchorPoint":{"pointX":0.5,"pointY":0.5}},"texture":"32D295946EB008DFB9C77B4CDB456AC1"}]}]},{"animations":[{"additive":false,"timeOffset":0,"beginTime":0,"repeatCount":0,"fillMode":"both","duration":0.89999997615814209,"autoreverses":false,"animations":[{"repeatCount":0,"removedOnCompletion":true,"from":{"scalar":0.001},"timingFunction":"EaseInEaseOut","additive":false,"timeOffset":0,"autoreverses":false,"property":"zPosition","fillMode":"both","duration":0.89999997615814209,"beginTime":0,"to":{"scalar":0.001}}],"removedOnCompletion":false}],"initialState":{"affineTransform":[1,0,0,1,0,0],"masksToBounds":false,"rotation":0,"scale":1,"position":{"pointX":960,"pointY":123.73958587646484},"width":1700.0220947265625,"sublayerTransform":[1,0,0,0,0,1,0,0,0,0,1,0,0,0,0,1],"contentsRect":{"y":0,"x":0,"width":1,"height":1},"opacity":1,"edgeAntialiasingMask":251658240,"height":122.6328125,"hidden":false,"anchorPoint":{"pointX":0.5,"pointY":0.5}},"layers":[{"animations":[{"additive":false,"timeOffset":0,"beginTime":0,"repeatCount":0,"fillMode":"both","duration":0.89999997615814209,"autoreverses":false,"animations":[{"repeatCount":0,"removedOnCompletion":true,"from":{"texture":"C195F05EE061031DE83B258C3F530CB1"},"timingFunction":"EaseInEaseOut","additive":false,"timeOffset":0,"autoreverses":false,"property":"contents","fillMode":"both","duration":0.89999997615814209,"beginTime":0,"to":{"texture":"D0A4F81105D8028BF52FFA8F48B3647D"}},{"repeatCount":0,"removedOnCompletion":true,"from":{"pointX":0,"pointY":0},"timingFunction":"EaseInEaseOut","additive":false,"timeOffset":0,"autoreverses":false,"property":"transform.translation","fillMode":"both","duration":0.89999997615814209,"beginTime":0,"to":{"pointX":0,"pointY":834}}],"removedOnCompletion":false}],"layers":[],"texturedRectangle":{"singleTextureOpacity":1,"textXHeight":0.49215157894736844,"textBaseline":0.75192161671069147,"isBackgroundTexture":true,"isVerticalText":false,"textColor":[0.11887545138597488,0.59490293264389038,0.99351197481155396,1],"textureType":6},"initialState":{"affineTransform":[1,0,0,1,0,0],"masksToBounds":false,"rotation":0,"scale":1,"position":{"pointX":850.01104736328125,"pointY":61.316406250000007},"width":346,"sublayerTransform":[1,0,0,0,0,1,0,0,0,0,1,0,0,0,0,1],"contentsRect":{"y":0,"x":0,"width":1,"height":1},"opacity":1,"edgeAntialiasingMask":0,"height":57,"hidden":false,"anchorPoint":{"pointX":0.5,"pointY":-0.0045686688339499851}},"texture":"C195F05EE061031DE83B258C3F530CB1"}]},{"animations":[{"additive":false,"timeOffset":0,"beginTime":0,"repeatCount":0,"fillMode":"both","duration":0.89999997615814209,"autoreverses":false,"animations":[{"repeatCount":0,"removedOnCompletion":true,"from":{"scalar":0.002},"timingFunction":"EaseInEaseOut","additive":false,"timeOffset":0,"autoreverses":false,"property":"zPosition","fillMode":"both","duration":0.89999997615814209,"beginTime":0,"to":{"scalar":0.002}}],"removedOnCompletion":false}],"initialState":{"affineTransform":[1,0,0,1,0,0],"masksToBounds":false,"rotation":0,"scale":1,"position":{"pointX":960,"pointY":123.73958587646484},"width":1700.0220947265625,"sublayerTransform":[1,0,0,0,0,1,0,0,0,0,1,0,0,0,0,1],"contentsRect":{"y":0,"x":0,"width":1,"height":1},"opacity":1,"edgeAntialiasingMask":251658240,"height":122.6328125,"hidden":false,"anchorPoint":{"pointX":0.5,"pointY":0.5}},"layers":[{"animations":[{"additive":false,"timeOffset":0,"beginTime":0,"repeatCount":0,"fillMode":"both","duration":0.89999997615814209,"autoreverses":false,"animations":[{"repeatCount":0,"removedOnCompletion":true,"from":{"texture":"4358621D2F9672BDE42064DE264A19A0"},"timingFunction":"EaseInEaseOut","additive":false,"timeOffset":0,"autoreverses":false,"property":"contents","fillMode":"both","duration":0.89999997615814209,"beginTime":0,"to":{"texture":"55574336AD94A45A7B505D45BE20E5C3"}},{"repeatCount":0,"removedOnCompletion":true,"from":{"pointX":0,"pointY":0},"timingFunction":"EaseInEaseOut","additive":false,"timeOffset":0,"autoreverses":false,"property":"transform.translation","fillMode":"both","duration":0.89999997615814209,"beginTime":0,"to":{"pointX":0,"pointY":834}}],"removedOnCompletion":false}],"layers":[],"texturedRectangle":{"singleTextureOpacity":1,"textXHeight":0.60984000000000005,"textBaseline":0.94219840803871979,"isBackgroundTexture":true,"isVerticalText":false,"textColor":[0.11887545138597488,0.59490293264389038,0.99351197481155396,1],"textureType":6},"initialState":{"affineTransform":[1,0,0,1,0,0],"masksToBounds":false,"rotation":0,"scale":1,"position":{"pointX":850.01104736328125,"pointY":61.316406250000007},"width":261,"sublayerTransform":[1,0,0,0,0,1,0,0,0,0,1,0,0,0,0,1],"contentsRect":{"y":0,"x":0,"width":1,"height":1},"opacity":1,"edgeAntialiasingMask":0,"height":46,"hidden":false,"anchorPoint":{"pointX":0.4942528735632184,"pointY":1.255208388618801}},"texture":"4358621D2F9672BDE42064DE264A19A0"}]},{"animations":[{"additive":false,"timeOffset":0,"beginTime":0,"repeatCount":0,"fillMode":"both","duration":0.89999997615814209,"autoreverses":false,"animations":[{"repeatCount":0,"removedOnCompletion":true,"from":{"scalar":0.0030000000000000001},"timingFunction":"EaseInEaseOut","additive":false,"timeOffset":0,"autoreverses":false,"property":"zPosition","fillMode":"both","duration":0.89999997615814209,"beginTime":0,"to":{"scalar":0.0030000000000000001}}],"removedOnCompletion":false}],"initialState":{"affineTransform":[1,0,0,1,0,0],"masksToBounds":false,"rotation":0,"scale":1,"position":{"pointX":960,"pointY":540.00000762939453},"width":1780.4425048828125,"sublayerTransform":[1,0,0,0,0,1,0,0,0,0,1,0,0,0,0,1],"contentsRect":{"y":0,"x":0,"width":1,"height":1},"opacity":1,"edgeAntialiasingMask":251658240,"height":148.83888244628906,"hidden":false,"anchorPoint":{"pointX":0.5,"pointY":0.5}},"layers":[{"animations":[{"additive":false,"timeOffset":0,"beginTime":0,"repeatCount":0,"fillMode":"both","duration":0.89999997615814209,"autoreverses":false,"animations":[{"repeatCount":0,"removedOnCompletion":true,"from":{"scalar":1},"timingFunction":"EaseInEaseOut","additive":false,"timeOffset":0,"autoreverses":false,"property":"transform.scale.x","fillMode":"both","duration":0.89999997615814209,"beginTime":0,"to":{"scalar":0.88117283950617287}},{"repeatCount":0,"removedOnCompletion":true,"from":{"scalar":1},"timingFunction":"EaseInEaseOut","additive":false,"timeOffset":0,"autoreverses":false,"property":"transform.scale.y","fillMode":"both","duration":0.89999997615814209,"beginTime":0,"to":{"scalar":0.8839285714285714}},{"repeatCount":0,"removedOnCompletion":true,"from":{"texture":"C586932E08493100C756463895741045"},"timingFunction":"EaseInEaseOut","additive":false,"timeOffset":0,"autoreverses":false,"property":"contents","fillMode":"both","duration":0.89999997615814209,"beginTime":0,"to":{"texture":"876BB501C26BB98B9D741276697331B6"}},{"repeatCount":0,"removedOnCompletion":true,"from":{"pointX":0,"pointY":0},"timingFunction":"EaseInEaseOut","additive":false,"timeOffset":0,"autoreverses":false,"property":"transform.translation","fillMode":"both","duration":0.89999997615814209,"beginTime":0,"to":{"pointX":17.495370370370324,"pointY":-420.99107231412614}}],"removedOnCompletion":false}],"layers":[],"texturedRectangle":{"singleTextureOpacity":1,"textXHeight":0.50128571428571433,"textBaseline":0.75339696982077187,"isBackgroundTexture":true,"isVerticalText":false,"textColor":[1,0,0.8456418514251709,1],"textureType":6},"initialState":{"affineTransform":[1,0,0,1,0,0],"masksToBounds":false,"rotation":0,"scale":1,"position":{"pointX":890.22125244140625,"pointY":74.419441223144531},"width":1296,"sublayerTransform":[1,0,0,0,0,1,0,0,0,0,1,0,0,0,0,1],"contentsRect":{"y":0,"x":0,"width":1,"height":1},"opacity":1,"edgeAntialiasingMask":0,"height":112,"hidden":false,"anchorPoint":{"pointX":0.48379629629629628,"pointY":0.38392863954816547}},"texture":"C586932E08493100C756463895741045"}]},{"animations":[{"additive":false,"timeOffset":0,"beginTime":0,"repeatCount":0,"fillMode":"both","duration":0.89999997615814209,"autoreverses":false,"animations":[{"repeatCount":0,"removedOnCompletion":true,"from":{"scalar":0.0040000000000000001},"timingFunction":"EaseInEaseOut","additive":false,"timeOffset":0,"autoreverses":false,"property":"zPosition","fillMode":"both","duration":0.89999997615814209,"beginTime":0,"to":{"scalar":0.0040000000000000001}}],"removedOnCompletion":false}],"initialState":{"affineTransform":[1,0,0,1,0,0],"masksToBounds":false,"rotation":0,"scale":1,"position":{"pointX":974.49235179564539,"pointY":540.00000459421426},"width":278.54781394285328,"sublayerTransform":[1,0,0,0,0,1,0,0,0,0,1,0,0,0,0,1],"contentsRect":{"y":0,"x":0,"width":1,"height":1},"opacity":1,"edgeAntialiasingMask":251658240,"height":224.78315127827227,"hidden":false,"anchorPoint":{"pointX":0.5,"pointY":0.5}},"layers":[{"animations":[{"additive":false,"timeOffset":0,"beginTime":0,"repeatCount":0,"fillMode":"both","duration":0.89999997615814209,"autoreverses":false,"animations":[{"repeatCount":0,"removedOnCompletion":true,"from":{"scalar":0},"timingFunction":"EaseInEaseOut","additive":false,"timeOffset":0,"autoreverses":false,"property":"opacity","fillMode":"both","duration":0.29996999205350877,"beginTime":0.60002998410463337,"to":{"scalar":1}},{"additive":false,"timeOffset":0,"beginTime":0.60002998410463337,"from":{"scalar":false},"repeatCount":0,"fillMode":"forwards","duration":0.29996999205350872,"autoreverses":false,"property":"hidden","to":{"scalar":false},"removedOnCompletion":true}],"removedOnCompletion":false}],"layers":[],"texturedRectangle":{"singleTextureOpacity":1,"textXHeight":0,"shapePath":{"lineWidth":1,"flatness":0.59999999999999998,"lineCapStyle":0,"elements":[{"type":"MoveToPoint","points":[[7.2042452804744244,1.608428955078125]]},{"type":"AddCurve","points":[[3.9305565613673252,1.608428955078125],[1.2184538791022987,4.3205465705423194],[1.21844482421875,7.5942299235612154]]},{"type":"AddLine","points":[[1.21844482421875,186.60232870467007]]},{"type":"AddCurve","points":[[1.21844482421875,189.87602617326411],[3.9305266695637329,192.60993873492043],[7.2042452804744244,192.60989622212946]]},{"type":"AddLine","points":[[119.21489672735333,192.60989622212946]]},{"type":"AddLine","points":[[118.80133233219385,194.26415394432843]]},{"type":"AddLine","points":[[114.1215247027576,217.68496064282954]]},{"type":"AddLine","points":[[100.40860002115369,217.68496064282954]]},{"type":"AddLine","points":[[100.40860002115369,226.3915802333504]]},{"type":"AddLine","points":[[136.47576858848333,226.3915802333504]]},{"type":"AddLine","points":[[144.48585792630911,226.3915802333504]]},{"type":"AddLine","points":[[180.57479304075241,226.3915802333504]]},{"type":"AddLine","points":[[180.57479304075241,217.68496064282954]]},{"type":"AddLine","points":[[166.8618683591485,217.68496064282954]]},{"type":"AddLine","points":[[162.18206072971225,194.26415394432843]]},{"type":"AddLine","points":[[161.83379597589374,192.60989622212946]]},{"type":"AddLine","points":[[273.77914778143167,192.60989622212946]]},{"type":"AddCurve","points":[[277.05284496988315,192.60989622212946],[279.76490572490002,189.87596240407765],[279.76494823768735,186.60232870467007]]},{"type":"AddLine","points":[[279.76494823768735,7.5942299235612154]]},{"type":"AddCurve","points":[[279.83460543972978,4.3205409243122403],[277.11812335483046,1.6084164175454703],[273.84444742277265,1.608428955078125]]},{"type":"AddLine","points":[[7.2042452804744244,1.608428955078125]]},{"type":"CloseSubpath"},{"type":"MoveToPoint","points":[[140.52434635162354,7.2459651399403811]]},{"type":"AddCurve","points":[[141.98706256894002,7.2459651399403811],[143.17988635588335,8.369110564559378],[143.17986509948969,9.901484115049243]]},{"type":"AddCurve","points":[[143.17986509948969,11.364196471961691],[141.98699879975902,12.556999104583952],[140.52434635162354,12.557003090158105]]},{"type":"AddCurve","points":[[139.06163013430705,12.557003090158105],[137.86880634736372,11.364200457535844],[137.86882760375738,9.901484115049243]]},{"type":"AddCurve","points":[[137.86882760375738,8.4387717581367951],[139.06169390348805,7.2459691255145344],[140.52434635162354,7.2459651399403811]]},{"type":"CloseSubpath"},{"type":"MoveToPoint","points":[[17.2386234998703,19.652898056432605]]},{"type":"AddLine","points":[[263.81006920337677,19.652898056432605]]},{"type":"AddLine","points":[[263.81006920337677,160.13420514948666]]},{"type":"AddLine","points":[[17.2386234998703,160.13420514948666]]},{"type":"AddLine","points":[[17.2386234998703,19.652898056432605]]},{"type":"CloseSubpath"},{"type":"MoveToPoint","points":[[17.2386234998703,19.652898056432605]]}],"windingRule":0,"lineJoinStyle":0,"miterLimit":10},"isBackgroundTexture":true,"textBaseline":0,"isVerticalText":false,"textureType":5},"initialState":{"affineTransform":[1,0,0,1,0,0],"masksToBounds":false,"rotation":0,"scale":1,"position":{"pointX":139.27391052246094,"pointY":112.39157867431641},"width":281,"sublayerTransform":[1,0,0,0,0,1,0,0,0,0,1,0,0,0,0,1],"contentsRect":{"y":0,"x":0,"width":1,"height":1},"opacity":1,"edgeAntialiasingMask":0,"height":228,"hidden":true,"anchorPoint":{"pointX":0.49997279482804158,"pointY":0.50000003346225674}},"texture":"46340DD41F2F320FC1D79EE03416ADB4"}]},{"animations":[{"additive":false,"timeOffset":0,"beginTime":0,"repeatCount":0,"fillMode":"both","duration":0.89999997615814209,"autoreverses":false,"animations":[{"repeatCount":0,"removedOnCompletion":true,"from":{"scalar":0.0050000000000000001},"timingFunction":"EaseInEaseOut","additive":false,"timeOffset":0,"autoreverses":false,"property":"zPosition","fillMode":"both","duration":0.89999997615814209,"beginTime":0,"to":{"scalar":0.0050000000000000001}}],"removedOnCompletion":false}],"initialState":{"affineTransform":[1,0,0,1,0,0],"masksToBounds":false,"rotation":0,"scale":1,"position":{"pointX":1172.066650390625,"pointY":614.67596435546875},"width":100,"sublayerTransform":[1,0,0,0,0,1,0,0,0,0,1,0,0,0,0,1],"contentsRect":{"y":0,"x":0,"width":1,"height":1},"opacity":1,"edgeAntialiasingMask":251658240,"height":100,"hidden":false,"anchorPoint":{"pointX":0.5,"pointY":0.5}},"layers":[{"animations":[{"additive":false,"timeOffset":0,"beginTime":0,"repeatCount":0,"fillMode":"both","duration":0.89999997615814209,"autoreverses":false,"animations":[{"repeatCount":0,"removedOnCompletion":true,"from":{"scalar":0},"timingFunction":"EaseInEaseOut","additive":false,"timeOffset":0,"autoreverses":false,"property":"opacity","fillMode":"both","duration":0.29996999205350877,"beginTime":0.60002998410463337,"to":{"scalar":1}},{"additive":false,"timeOffset":0,"beginTime":0.60002998410463337,"from":{"scalar":false},"repeatCount":0,"fillMode":"forwards","duration":0.29996999205350872,"autoreverses":false,"property":"hidden","to":{"scalar":false},"removedOnCompletion":true}],"removedOnCompletion":false}],"layers":[],"texturedRectangle":{"isBackgroundTexture":true,"singleTextureOpacity":1,"textureType":5,"textBaseline":0,"textXHeight":0,"isVerticalText":false},"initialState":{"affineTransform":[1,0,0,1,0,0],"masksToBounds":false,"rotation":0,"scale":1,"position":{"pointX":50,"pointY":50},"width":103,"sublayerTransform":[1,0,0,0,0,1,0,0,0,0,1,0,0,0,0,1],"contentsRect":{"y":0,"x":0,"width":1,"height":1},"opacity":1,"edgeAntialiasingMask":0,"height":103,"hidden":true,"anchorPoint":{"pointX":0.49579272223907767,"pointY":0.50170839180066751}},"texture":"2129DAF635AB135D4A85D9B7FB68E8F2"}]},{"animations":[{"additive":false,"timeOffset":0,"beginTime":0,"repeatCount":0,"fillMode":"both","duration":0.89999997615814209,"autoreverses":false,"animations":[{"repeatCount":0,"removedOnCompletion":true,"from":{"scalar":0.0060000000000000001},"timingFunction":"EaseInEaseOut","additive":false,"timeOffset":0,"autoreverses":false,"property":"zPosition","fillMode":"both","duration":0.89999997615814209,"beginTime":0,"to":{"scalar":0.0060000000000000001}}],"removedOnCompletion":false}],"initialState":{"affineTransform":[1,0,0,1,0,0],"masksToBounds":false,"rotation":0,"scale":1,"position":{"pointX":974.49235179564539,"pointY":540.00000459421426},"width":278.54781394285328,"sublayerTransform":[1,0,0,0,0,1,0,0,0,0,1,0,0,0,0,1],"contentsRect":{"y":0,"x":0,"width":1,"height":1},"opacity":1,"edgeAntialiasingMask":251658240,"height":224.78315127827227,"hidden":false,"anchorPoint":{"pointX":0.5,"pointY":0.5}},"layers":[{"animations":[{"additive":false,"timeOffset":0,"beginTime":0,"repeatCount":0,"fillMode":"both","duration":0.89999997615814209,"autoreverses":false,"animations":[{"repeatCount":0,"removedOnCompletion":true,"from":{"scalar":0},"timingFunction":"EaseInEaseOut","additive":false,"timeOffset":0,"autoreverses":false,"property":"opacity","fillMode":"both","duration":0.29996999205350877,"beginTime":0.60002998410463337,"to":{"scalar":1}},{"additive":false,"timeOffset":0,"beginTime":0.60002998410463337,"from":{"scalar":false},"repeatCount":0,"fillMode":"forwards","duration":0.29996999205350872,"autoreverses":false,"property":"hidden","to":{"scalar":false},"removedOnCompletion":true}],"removedOnCompletion":false}],"layers":[],"texturedRectangle":{"singleTextureOpacity":1,"textXHeight":0,"shapePath":{"lineWidth":1,"flatness":0.59999999999999998,"lineCapStyle":0,"elements":[{"type":"MoveToPoint","points":[[7.2042452804744244,1.608428955078125]]},{"type":"AddCurve","points":[[3.9305565613673252,1.608428955078125],[1.2184538791022987,4.3205465705423194],[1.21844482421875,7.5942299235612154]]},{"type":"AddLine","points":[[1.21844482421875,186.60232870467007]]},{"type":"AddCurve","points":[[1.21844482421875,189.87602617326411],[3.9305266695637329,192.60993873492043],[7.2042452804744244,192.60989622212946]]},{"type":"AddLine","points":[[119.21489672735333,192.60989622212946]]},{"type":"AddLine","points":[[118.80133233219385,194.26415394432843]]},{"type":"AddLine","points":[[114.1215247027576,217.68496064282954]]},{"type":"AddLine","points":[[100.40860002115369,217.68496064282954]]},{"type":"AddLine","points":[[100.40860002115369,226.3915802333504]]},{"type":"AddLine","points":[[136.47576858848333,226.3915802333504]]},{"type":"AddLine","points":[[144.48585792630911,226.3915802333504]]},{"type":"AddLine","points":[[180.57479304075241,226.3915802333504]]},{"type":"AddLine","points":[[180.57479304075241,217.68496064282954]]},{"type":"AddLine","points":[[166.8618683591485,217.68496064282954]]},{"type":"AddLine","points":[[162.18206072971225,194.26415394432843]]},{"type":"AddLine","points":[[161.83379597589374,192.60989622212946]]},{"type":"AddLine","points":[[273.77914778143167,192.60989622212946]]},{"type":"AddCurve","points":[[277.05284496988315,192.60989622212946],[279.76490572490002,189.87596240407765],[279.76494823768735,186.60232870467007]]},{"type":"AddLine","points":[[279.76494823768735,7.5942299235612154]]},{"type":"AddCurve","points":[[279.83460543972978,4.3205409243122403],[277.11812335483046,1.6084164175454703],[273.84444742277265,1.608428955078125]]},{"type":"AddLine","points":[[7.2042452804744244,1.608428955078125]]},{"type":"CloseSubpath"},{"type":"MoveToPoint","points":[[140.52434635162354,7.2459651399403811]]},{"type":"AddCurve","points":[[141.98706256894002,7.2459651399403811],[143.17988635588335,8.369110564559378],[143.17986509948969,9.901484115049243]]},{"type":"AddCurve","points":[[143.17986509948969,11.364196471961691],[141.98699879975902,12.556999104583952],[140.52434635162354,12.557003090158105]]},{"type":"AddCurve","points":[[139.06163013430705,12.557003090158105],[137.86880634736372,11.364200457535844],[137.86882760375738,9.901484115049243]]},{"type":"AddCurve","points":[[137.86882760375738,8.4387717581367951],[139.06169390348805,7.2459691255145344],[140.52434635162354,7.2459651399403811]]},{"type":"CloseSubpath"},{"type":"MoveToPoint","points":[[17.2386234998703,19.652898056432605]]},{"type":"AddLine","points":[[263.81006920337677,19.652898056432605]]},{"type":"AddLine","points":[[263.81006920337677,160.13420514948666]]},{"type":"AddLine","points":[[17.2386234998703,160.13420514948666]]},{"type":"AddLine","points":[[17.2386234998703,19.652898056432605]]},{"type":"CloseSubpath"},{"type":"MoveToPoint","points":[[17.2386234998703,19.652898056432605]]}],"windingRule":0,"lineJoinStyle":0,"miterLimit":10},"isBackgroundTexture":true,"textBaseline":0,"isVerticalText":false,"textureType":5},"initialState":{"affineTransform":[1,0,0,1,0,0],"masksToBounds":false,"rotation":0,"scale":1,"position":{"pointX":139.27391052246094,"pointY":112.39157867431641},"width":281,"sublayerTransform":[1,0,0,0,0,1,0,0,0,0,1,0,0,0,0,1],"contentsRect":{"y":0,"x":0,"width":1,"height":1},"opacity":1,"edgeAntialiasingMask":0,"height":228,"hidden":true,"anchorPoint":{"pointX":0.49997279482804158,"pointY":0.50000003346225674}},"texture":"46340DD41F2F320FC1D79EE03416ADB4"}]},{"animations":[{"additive":false,"timeOffset":0,"beginTime":0,"repeatCount":0,"fillMode":"both","duration":0.89999997615814209,"autoreverses":false,"animations":[{"repeatCount":0,"removedOnCompletion":true,"from":{"scalar":0.0070000000000000001},"timingFunction":"EaseInEaseOut","additive":false,"timeOffset":0,"autoreverses":false,"property":"zPosition","fillMode":"both","duration":0.89999997615814209,"beginTime":0,"to":{"scalar":0.0070000000000000001}}],"removedOnCompletion":false}],"initialState":{"affineTransform":[1,0,0,1,0,0],"masksToBounds":false,"rotation":0,"scale":1,"position":{"pointX":1172.066650390625,"pointY":614.67596435546875},"width":100,"sublayerTransform":[1,0,0,0,0,1,0,0,0,0,1,0,0,0,0,1],"contentsRect":{"y":0,"x":0,"width":1,"height":1},"opacity":1,"edgeAntialiasingMask":251658240,"height":100,"hidden":false,"anchorPoint":{"pointX":0.5,"pointY":0.5}},"layers":[{"animations":[{"additive":false,"timeOffset":0,"beginTime":0,"repeatCount":0,"fillMode":"both","duration":0.89999997615814209,"autoreverses":false,"animations":[{"repeatCount":0,"removedOnCompletion":true,"from":{"scalar":0},"timingFunction":"EaseInEaseOut","additive":false,"timeOffset":0,"autoreverses":false,"property":"opacity","fillMode":"both","duration":0.29996999205350877,"beginTime":0.60002998410463337,"to":{"scalar":1}},{"additive":false,"timeOffset":0,"beginTime":0.60002998410463337,"from":{"scalar":false},"repeatCount":0,"fillMode":"forwards","duration":0.29996999205350872,"autoreverses":false,"property":"hidden","to":{"scalar":false},"removedOnCompletion":true}],"removedOnCompletion":false}],"layers":[],"texturedRectangle":{"isBackgroundTexture":true,"singleTextureOpacity":1,"textureType":5,"textBaseline":0,"textXHeight":0,"isVerticalText":false},"initialState":{"affineTransform":[1,0,0,1,0,0],"masksToBounds":false,"rotation":0,"scale":1,"position":{"pointX":50,"pointY":50},"width":103,"sublayerTransform":[1,0,0,0,0,1,0,0,0,0,1,0,0,0,0,1],"contentsRect":{"y":0,"x":0,"width":1,"height":1},"opacity":1,"edgeAntialiasingMask":0,"height":103,"hidden":true,"anchorPoint":{"pointX":0.49579272223907767,"pointY":0.50170839180066751}},"texture":"2129DAF635AB135D4A85D9B7FB68E8F2"}]},{"animations":[{"additive":false,"timeOffset":0,"beginTime":0,"repeatCount":0,"fillMode":"both","duration":0.89999997615814209,"autoreverses":false,"animations":[{"repeatCount":0,"removedOnCompletion":true,"from":{"scalar":0.0080000000000000002},"timingFunction":"EaseInEaseOut","additive":false,"timeOffset":0,"autoreverses":false,"property":"zPosition","fillMode":"both","duration":0.89999997615814209,"beginTime":0,"to":{"scalar":0.0080000000000000002}}],"removedOnCompletion":false}],"initialState":{"affineTransform":[1,0,0,1,0,0],"masksToBounds":false,"rotation":0,"scale":1,"position":{"pointX":974.49235179564539,"pointY":540.00000459421426},"width":278.54781394285328,"sublayerTransform":[1,0,0,0,0,1,0,0,0,0,1,0,0,0,0,1],"contentsRect":{"y":0,"x":0,"width":1,"height":1},"opacity":1,"edgeAntialiasingMask":251658240,"height":224.78315127827227,"hidden":false,"anchorPoint":{"pointX":0.5,"pointY":0.5}},"layers":[{"animations":[{"additive":false,"timeOffset":0,"beginTime":0,"repeatCount":0,"fillMode":"both","duration":0.89999997615814209,"autoreverses":false,"animations":[{"repeatCount":0,"removedOnCompletion":true,"from":{"scalar":0},"timingFunction":"EaseInEaseOut","additive":false,"timeOffset":0,"autoreverses":false,"property":"opacity","fillMode":"both","duration":0.29996999205350877,"beginTime":0.60002998410463337,"to":{"scalar":1}},{"additive":false,"timeOffset":0,"beginTime":0.60002998410463337,"from":{"scalar":false},"repeatCount":0,"fillMode":"forwards","duration":0.29996999205350872,"autoreverses":false,"property":"hidden","to":{"scalar":false},"removedOnCompletion":true}],"removedOnCompletion":false}],"layers":[],"texturedRectangle":{"singleTextureOpacity":1,"textXHeight":0,"shapePath":{"lineWidth":1,"flatness":0.59999999999999998,"lineCapStyle":0,"elements":[{"type":"MoveToPoint","points":[[7.2042452804744244,1.608428955078125]]},{"type":"AddCurve","points":[[3.9305565613673252,1.608428955078125],[1.2184538791022987,4.3205465705423194],[1.21844482421875,7.5942299235612154]]},{"type":"AddLine","points":[[1.21844482421875,186.60232870467007]]},{"type":"AddCurve","points":[[1.21844482421875,189.87602617326411],[3.9305266695637329,192.60993873492043],[7.2042452804744244,192.60989622212946]]},{"type":"AddLine","points":[[119.21489672735333,192.60989622212946]]},{"type":"AddLine","points":[[118.80133233219385,194.26415394432843]]},{"type":"AddLine","points":[[114.1215247027576,217.68496064282954]]},{"type":"AddLine","points":[[100.40860002115369,217.68496064282954]]},{"type":"AddLine","points":[[100.40860002115369,226.3915802333504]]},{"type":"AddLine","points":[[136.47576858848333,226.3915802333504]]},{"type":"AddLine","points":[[144.48585792630911,226.3915802333504]]},{"type":"AddLine","points":[[180.57479304075241,226.3915802333504]]},{"type":"AddLine","points":[[180.57479304075241,217.68496064282954]]},{"type":"AddLine","points":[[166.8618683591485,217.68496064282954]]},{"type":"AddLine","points":[[162.18206072971225,194.26415394432843]]},{"type":"AddLine","points":[[161.83379597589374,192.60989622212946]]},{"type":"AddLine","points":[[273.77914778143167,192.60989622212946]]},{"type":"AddCurve","points":[[277.05284496988315,192.60989622212946],[279.76490572490002,189.87596240407765],[279.76494823768735,186.60232870467007]]},{"type":"AddLine","points":[[279.76494823768735,7.5942299235612154]]},{"type":"AddCurve","points":[[279.83460543972978,4.3205409243122403],[277.11812335483046,1.6084164175454703],[273.84444742277265,1.608428955078125]]},{"type":"AddLine","points":[[7.2042452804744244,1.608428955078125]]},{"type":"CloseSubpath"},{"type":"MoveToPoint","points":[[140.52434635162354,7.2459651399403811]]},{"type":"AddCurve","points":[[141.98706256894002,7.2459651399403811],[143.17988635588335,8.369110564559378],[143.17986509948969,9.901484115049243]]},{"type":"AddCurve","points":[[143.17986509948969,11.364196471961691],[141.98699879975902,12.556999104583952],[140.52434635162354,12.557003090158105]]},{"type":"AddCurve","points":[[139.06163013430705,12.557003090158105],[137.86880634736372,11.364200457535844],[137.86882760375738,9.901484115049243]]},{"type":"AddCurve","points":[[137.86882760375738,8.4387717581367951],[139.06169390348805,7.2459691255145344],[140.52434635162354,7.2459651399403811]]},{"type":"CloseSubpath"},{"type":"MoveToPoint","points":[[17.2386234998703,19.652898056432605]]},{"type":"AddLine","points":[[263.81006920337677,19.652898056432605]]},{"type":"AddLine","points":[[263.81006920337677,160.13420514948666]]},{"type":"AddLine","points":[[17.2386234998703,160.13420514948666]]},{"type":"AddLine","points":[[17.2386234998703,19.652898056432605]]},{"type":"CloseSubpath"},{"type":"MoveToPoint","points":[[17.2386234998703,19.652898056432605]]}],"windingRule":0,"lineJoinStyle":0,"miterLimit":10},"isBackgroundTexture":true,"textBaseline":0,"isVerticalText":false,"textureType":5},"initialState":{"affineTransform":[1,0,0,1,0,0],"masksToBounds":false,"rotation":0,"scale":1,"position":{"pointX":139.27391052246094,"pointY":112.39157867431641},"width":281,"sublayerTransform":[1,0,0,0,0,1,0,0,0,0,1,0,0,0,0,1],"contentsRect":{"y":0,"x":0,"width":1,"height":1},"opacity":1,"edgeAntialiasingMask":0,"height":228,"hidden":true,"anchorPoint":{"pointX":0.49997279482804158,"pointY":0.50000003346225674}},"texture":"46340DD41F2F320FC1D79EE03416ADB4"}]},{"animations":[{"additive":false,"timeOffset":0,"beginTime":0,"repeatCount":0,"fillMode":"both","duration":0.89999997615814209,"autoreverses":false,"animations":[{"repeatCount":0,"removedOnCompletion":true,"from":{"scalar":0.0090000000000000011},"timingFunction":"EaseInEaseOut","additive":false,"timeOffset":0,"autoreverses":false,"property":"zPosition","fillMode":"both","duration":0.89999997615814209,"beginTime":0,"to":{"scalar":0.0090000000000000011}}],"removedOnCompletion":false}],"initialState":{"affineTransform":[1,0,0,1,0,0],"masksToBounds":false,"rotation":0,"scale":1,"position":{"pointX":1778.066650390625,"pointY":614.67596435546875},"width":100,"sublayerTransform":[1,0,0,0,0,1,0,0,0,0,1,0,0,0,0,1],"contentsRect":{"y":0,"x":0,"width":1,"height":1},"opacity":1,"edgeAntialiasingMask":251658240,"height":100,"hidden":false,"anchorPoint":{"pointX":0.5,"pointY":0.5}},"layers":[{"animations":[{"additive":false,"timeOffset":0,"beginTime":0,"repeatCount":0,"fillMode":"both","duration":0.89999997615814209,"autoreverses":false,"animations":[{"repeatCount":0,"removedOnCompletion":true,"from":{"scalar":0},"timingFunction":"EaseInEaseOut","additive":false,"timeOffset":0,"autoreverses":false,"property":"opacity","fillMode":"both","duration":0.29996999205350877,"beginTime":0.60002998410463337,"to":{"scalar":1}},{"additive":false,"timeOffset":0,"beginTime":0.60002998410463337,"from":{"scalar":false},"repeatCount":0,"fillMode":"forwards","duration":0.29996999205350872,"autoreverses":false,"property":"hidden","to":{"scalar":false},"removedOnCompletion":true}],"removedOnCompletion":false}],"layers":[],"texturedRectangle":{"isBackgroundTexture":true,"singleTextureOpacity":1,"textureType":5,"textBaseline":0,"textXHeight":0,"isVerticalText":false},"initialState":{"affineTransform":[1,0,0,1,0,0],"masksToBounds":false,"rotation":0,"scale":1,"position":{"pointX":50,"pointY":50},"width":103,"sublayerTransform":[1,0,0,0,0,1,0,0,0,0,1,0,0,0,0,1],"contentsRect":{"y":0,"x":0,"width":1,"height":1},"opacity":1,"edgeAntialiasingMask":0,"height":103,"hidden":true,"anchorPoint":{"pointX":0.49579272223907767,"pointY":0.50170839180066751}},"texture":"2129DAF635AB135D4A85D9B7FB68E8F2"}]},{"animations":[{"additive":false,"timeOffset":0,"beginTime":0,"repeatCount":0,"fillMode":"both","duration":0.89999997615814209,"autoreverses":false,"animations":[{"repeatCount":0,"removedOnCompletion":true,"from":{"scalar":0.01},"timingFunction":"EaseInEaseOut","additive":false,"timeOffset":0,"autoreverses":false,"property":"zPosition","fillMode":"both","duration":0.89999997615814209,"beginTime":0,"to":{"scalar":0.01}}],"removedOnCompletion":false}],"initialState":{"affineTransform":[1,0,0,1,0,0],"masksToBounds":false,"rotation":0,"scale":1,"position":{"pointX":602.066650390625,"pointY":604.67596435546875},"width":100,"sublayerTransform":[1,0,0,0,0,1,0,0,0,0,1,0,0,0,0,1],"contentsRect":{"y":0,"x":0,"width":1,"height":1},"opacity":1,"edgeAntialiasingMask":251658240,"height":100,"hidden":false,"anchorPoint":{"pointX":0.5,"pointY":0.5}},"layers":[{"animations":[{"additive":false,"timeOffset":0,"beginTime":0,"repeatCount":0,"fillMode":"both","duration":0.89999997615814209,"autoreverses":false,"animations":[{"repeatCount":0,"removedOnCompletion":true,"from":{"scalar":0},"timingFunction":"EaseInEaseOut","additive":false,"timeOffset":0,"autoreverses":false,"property":"opacity","fillMode":"both","duration":0.29996999205350877,"beginTime":0.60002998410463337,"to":{"scalar":1}},{"additive":false,"timeOffset":0,"beginTime":0.60002998410463337,"from":{"scalar":false},"repeatCount":0,"fillMode":"forwards","duration":0.29996999205350872,"autoreverses":false,"property":"hidden","to":{"scalar":false},"removedOnCompletion":true}],"removedOnCompletion":false}],"layers":[],"texturedRectangle":{"isBackgroundTexture":true,"singleTextureOpacity":1,"textureType":5,"textBaseline":0,"textXHeight":0,"isVerticalText":false},"initialState":{"affineTransform":[1,0,0,1,0,0],"masksToBounds":false,"rotation":0,"scale":1,"position":{"pointX":50,"pointY":50},"width":103,"sublayerTransform":[1,0,0,0,0,1,0,0,0,0,1,0,0,0,0,1],"contentsRect":{"y":0,"x":0,"width":1,"height":1},"opacity":1,"edgeAntialiasingMask":0,"height":103,"hidden":true,"anchorPoint":{"pointX":0.49579272223907767,"pointY":0.50170839180066751}},"texture":"2129DAF635AB135D4A85D9B7FB68E8F2"}]},{"animations":[{"additive":false,"timeOffset":0,"beginTime":0,"repeatCount":0,"fillMode":"both","duration":0.89999997615814209,"autoreverses":false,"animations":[{"repeatCount":0,"removedOnCompletion":true,"from":{"scalar":0.010999999999999999},"timingFunction":"EaseInEaseOut","additive":false,"timeOffset":0,"autoreverses":false,"property":"zPosition","fillMode":"both","duration":0.89999997615814209,"beginTime":0,"to":{"scalar":0.010999999999999999}}],"removedOnCompletion":false}],"initialState":{"affineTransform":[1,0,0,1,0,0],"masksToBounds":false,"rotation":0,"scale":1,"position":{"pointX":602.066650390625,"pointY":604.67596435546875},"width":100,"sublayerTransform":[1,0,0,0,0,1,0,0,0,0,1,0,0,0,0,1],"contentsRect":{"y":0,"x":0,"width":1,"height":1},"opacity":1,"edgeAntialiasingMask":251658240,"height":100,"hidden":false,"anchorPoint":{"pointX":0.5,"pointY":0.5}},"layers":[{"animations":[{"additive":false,"timeOffset":0,"beginTime":0,"repeatCount":0,"fillMode":"both","duration":0.89999997615814209,"autoreverses":false,"animations":[{"repeatCount":0,"removedOnCompletion":true,"from":{"scalar":0},"timingFunction":"EaseInEaseOut","additive":false,"timeOffset":0,"autoreverses":false,"property":"opacity","fillMode":"both","duration":0.29996999205350877,"beginTime":0.60002998410463337,"to":{"scalar":1}},{"additive":false,"timeOffset":0,"beginTime":0.60002998410463337,"from":{"scalar":false},"repeatCount":0,"fillMode":"forwards","duration":0.29996999205350872,"autoreverses":false,"property":"hidden","to":{"scalar":false},"removedOnCompletion":true}],"removedOnCompletion":false}],"layers":[],"texturedRectangle":{"isBackgroundTexture":true,"singleTextureOpacity":1,"textureType":5,"textBaseline":0,"textXHeight":0,"isVerticalText":false},"initialState":{"affineTransform":[1,0,0,1,0,0],"masksToBounds":false,"rotation":0,"scale":1,"position":{"pointX":50,"pointY":50},"width":103,"sublayerTransform":[1,0,0,0,0,1,0,0,0,0,1,0,0,0,0,1],"contentsRect":{"y":0,"x":0,"width":1,"height":1},"opacity":1,"edgeAntialiasingMask":0,"height":103,"hidden":true,"anchorPoint":{"pointX":0.49579272223907767,"pointY":0.50170839180066751}},"texture":"2129DAF635AB135D4A85D9B7FB68E8F2"}]},{"animations":[{"additive":false,"timeOffset":0,"beginTime":0,"repeatCount":0,"fillMode":"both","duration":0.89999997615814209,"autoreverses":false,"animations":[{"repeatCount":0,"removedOnCompletion":true,"from":{"scalar":0.012},"timingFunction":"EaseInEaseOut","additive":false,"timeOffset":0,"autoreverses":false,"property":"zPosition","fillMode":"both","duration":0.89999997615814209,"beginTime":0,"to":{"scalar":0.012}}],"removedOnCompletion":false}],"initialState":{"affineTransform":[1,0,0,1,0,0],"masksToBounds":false,"rotation":0,"scale":1,"position":{"pointX":402.49235179564539,"pointY":541.00000459421426},"width":278.54781394285328,"sublayerTransform":[1,0,0,0,0,1,0,0,0,0,1,0,0,0,0,1],"contentsRect":{"y":0,"x":0,"width":1,"height":1},"opacity":1,"edgeAntialiasingMask":251658240,"height":224.78315127827227,"hidden":false,"anchorPoint":{"pointX":0.5,"pointY":0.5}},"layers":[{"animations":[{"additive":false,"timeOffset":0,"beginTime":0,"repeatCount":0,"fillMode":"both","duration":0.89999997615814209,"autoreverses":false,"animations":[{"repeatCount":0,"removedOnCompletion":true,"from":{"scalar":0},"timingFunction":"EaseInEaseOut","additive":false,"timeOffset":0,"autoreverses":false,"property":"opacity","fillMode":"both","duration":0.29996999205350877,"beginTime":0.60002998410463337,"to":{"scalar":1}},{"additive":false,"timeOffset":0,"beginTime":0.60002998410463337,"from":{"scalar":false},"repeatCount":0,"fillMode":"forwards","duration":0.29996999205350872,"autoreverses":false,"property":"hidden","to":{"scalar":false},"removedOnCompletion":true}],"removedOnCompletion":false}],"layers":[],"texturedRectangle":{"singleTextureOpacity":1,"textXHeight":0,"shapePath":{"lineWidth":1,"flatness":0.59999999999999998,"lineCapStyle":0,"elements":[{"type":"MoveToPoint","points":[[7.2042452804744244,1.608428955078125]]},{"type":"AddCurve","points":[[3.9305565613673252,1.608428955078125],[1.2184538791022419,4.3205465705423194],[1.21844482421875,7.5942299235612154]]},{"type":"AddLine","points":[[1.21844482421875,186.60232870467007]]},{"type":"AddCurve","points":[[1.21844482421875,189.87602617326411],[3.9305266695637329,192.60993873492043],[7.2042452804744244,192.60989622212946]]},{"type":"AddLine","points":[[119.21489672735333,192.60989622212946]]},{"type":"AddLine","points":[[118.80133233219385,194.26415394432843]]},{"type":"AddLine","points":[[114.1215247027576,217.68496064282954]]},{"type":"AddLine","points":[[100.40860002115369,217.68496064282954]]},{"type":"AddLine","points":[[100.40860002115369,226.3915802333504]]},{"type":"AddLine","points":[[136.47576858848333,226.3915802333504]]},{"type":"AddLine","points":[[144.48585792630911,226.3915802333504]]},{"type":"AddLine","points":[[180.57479304075241,226.3915802333504]]},{"type":"AddLine","points":[[180.57479304075241,217.68496064282954]]},{"type":"AddLine","points":[[166.8618683591485,217.68496064282954]]},{"type":"AddLine","points":[[162.18206072971225,194.26415394432843]]},{"type":"AddLine","points":[[161.83379597589374,192.60989622212946]]},{"type":"AddLine","points":[[273.77914778143167,192.60989622212946]]},{"type":"AddCurve","points":[[277.05284496988315,192.60989622212946],[279.76490572490002,189.87596240407765],[279.76494823768735,186.60232870467007]]},{"type":"AddLine","points":[[279.76494823768735,7.5942299235612154]]},{"type":"AddCurve","points":[[279.83460543972978,4.3205409243122403],[277.11812335483046,1.6084164175454703],[273.84444742277265,1.608428955078125]]},{"type":"AddLine","points":[[7.2042452804744244,1.608428955078125]]},{"type":"CloseSubpath"},{"type":"MoveToPoint","points":[[140.52434635162354,7.2459651399403811]]},{"type":"AddCurve","points":[[141.98706256894002,7.2459651399403811],[143.17988635588335,8.369110564559378],[143.17986509948969,9.901484115049243]]},{"type":"AddCurve","points":[[143.17986509948969,11.364196471961691],[141.98699879975902,12.556999104583952],[140.52434635162354,12.557003090158105]]},{"type":"AddCurve","points":[[139.06163013430705,12.557003090158105],[137.86880634736372,11.364200457535844],[137.86882760375738,9.901484115049243]]},{"type":"AddCurve","points":[[137.86882760375738,8.4387717581367951],[139.06169390348805,7.2459691255145344],[140.52434635162354,7.2459651399403811]]},{"type":"CloseSubpath"},{"type":"MoveToPoint","points":[[17.2386234998703,19.652898056432605]]},{"type":"AddLine","points":[[263.81006920337677,19.652898056432605]]},{"type":"AddLine","points":[[263.81006920337677,160.13420514948666]]},{"type":"AddLine","points":[[17.2386234998703,160.13420514948666]]},{"type":"AddLine","points":[[17.2386234998703,19.652898056432605]]},{"type":"CloseSubpath"},{"type":"MoveToPoint","points":[[17.2386234998703,19.652898056432605]]}],"windingRule":0,"lineJoinStyle":0,"miterLimit":10},"isBackgroundTexture":true,"textBaseline":0,"isVerticalText":false,"textureType":5},"initialState":{"affineTransform":[1,0,0,1,0,0],"masksToBounds":false,"rotation":0,"scale":1,"position":{"pointX":139.27391052246094,"pointY":112.39157867431641},"width":281,"sublayerTransform":[1,0,0,0,0,1,0,0,0,0,1,0,0,0,0,1],"contentsRect":{"y":0,"x":0,"width":1,"height":1},"opacity":1,"edgeAntialiasingMask":0,"height":228,"hidden":true,"anchorPoint":{"pointX":0.49997279482804158,"pointY":0.50000003346225674}},"texture":"46340DD41F2F320FC1D79EE03416ADB4"}]},{"animations":[{"additive":false,"timeOffset":0,"beginTime":0,"repeatCount":0,"fillMode":"both","duration":0.89999997615814209,"autoreverses":false,"animations":[{"repeatCount":0,"removedOnCompletion":true,"from":{"scalar":0.013000000000000001},"timingFunction":"EaseInEaseOut","additive":false,"timeOffset":0,"autoreverses":false,"property":"zPosition","fillMode":"both","duration":0.89999997615814209,"beginTime":0,"to":{"scalar":0.013000000000000001}}],"removedOnCompletion":false}],"initialState":{"affineTransform":[1,0,0,1,0,0],"masksToBounds":false,"rotation":0,"scale":1,"position":{"pointX":1584.4924128308016,"pointY":540.00000459421426},"width":278.54781394285328,"sublayerTransform":[1,0,0,0,0,1,0,0,0,0,1,0,0,0,0,1],"contentsRect":{"y":0,"x":0,"width":1,"height":1},"opacity":1,"edgeAntialiasingMask":251658240,"height":224.78315127827227,"hidden":false,"anchorPoint":{"pointX":0.5,"pointY":0.5}},"layers":[{"animations":[{"additive":false,"timeOffset":0,"beginTime":0,"repeatCount":0,"fillMode":"both","duration":0.89999997615814209,"autoreverses":false,"animations":[{"repeatCount":0,"removedOnCompletion":true,"from":{"scalar":0},"timingFunction":"EaseInEaseOut","additive":false,"timeOffset":0,"autoreverses":false,"property":"opacity","fillMode":"both","duration":0.29996999205350877,"beginTime":0.60002998410463337,"to":{"scalar":1}},{"additive":false,"timeOffset":0,"beginTime":0.60002998410463337,"from":{"scalar":false},"repeatCount":0,"fillMode":"forwards","duration":0.29996999205350872,"autoreverses":false,"property":"hidden","to":{"scalar":false},"removedOnCompletion":true}],"removedOnCompletion":false}],"layers":[],"texturedRectangle":{"singleTextureOpacity":1,"textXHeight":0,"shapePath":{"lineWidth":1,"flatness":0.59999999999999998,"lineCapStyle":0,"elements":[{"type":"MoveToPoint","points":[[7.2043063156306744,1.608428955078125]]},{"type":"AddCurve","points":[[3.9306175965234615,1.608428955078125],[1.2185149142585487,4.3205465705423194],[1.218505859375,7.5942299235612154]]},{"type":"AddLine","points":[[1.218505859375,186.60232870467007]]},{"type":"AddCurve","points":[[1.218505859375,189.87602617326411],[3.9305877047199829,192.60993873492043],[7.2043063156306744,192.60989622212946]]},{"type":"AddLine","points":[[119.21495776250958,192.60989622212946]]},{"type":"AddLine","points":[[118.8013933673501,194.26415394432843]]},{"type":"AddLine","points":[[114.12158573791385,217.68496064282954]]},{"type":"AddLine","points":[[100.40866105630994,217.68496064282954]]},{"type":"AddLine","points":[[100.40866105630994,226.3915802333504]]},{"type":"AddLine","points":[[136.47582962363958,226.3915802333504]]},{"type":"AddLine","points":[[144.48591896146536,226.3915802333504]]},{"type":"AddLine","points":[[180.57485407590866,226.3915802333504]]},{"type":"AddLine","points":[[180.57485407590866,217.68496064282954]]},{"type":"AddLine","points":[[166.86192939430475,217.68496064282954]]},{"type":"AddLine","points":[[162.1821217648685,194.26415394432843]]},{"type":"AddLine","points":[[161.83385701104999,192.60989622212946]]},{"type":"AddLine","points":[[273.77920881658792,192.60989622212946]]},{"type":"AddCurve","points":[[277.0529060050394,192.60989622212946],[279.76496676005627,189.87596240407765],[279.7650092728436,186.60232870467007]]},{"type":"AddLine","points":[[279.7650092728436,7.5942299235612154]]},{"type":"AddCurve","points":[[279.83466647488603,4.3205409243122403],[277.11818438998671,1.6084164175454703],[273.8445084579289,1.608428955078125]]},{"type":"AddLine","points":[[7.2043063156306744,1.608428955078125]]},{"type":"CloseSubpath"},{"type":"MoveToPoint","points":[[140.52440738677979,7.2459651399403811]]},{"type":"AddCurve","points":[[141.98712360409627,7.2459651399403811],[143.1799473910396,8.369110564559378],[143.17992613464594,9.901484115049243]]},{"type":"AddCurve","points":[[143.17992613464594,11.364196471961691],[141.98705983491527,12.556999104583952],[140.52440738677979,12.557003090158105]]},{"type":"AddCurve","points":[[139.0616911694633,12.557003090158105],[137.86886738251997,11.364200457535844],[137.86888863891363,9.901484115049243]]},{"type":"AddCurve","points":[[137.86888863891363,8.4387717581367951],[139.0617549386443,7.2459691255145344],[140.52440738677979,7.2459651399403811]]},{"type":"CloseSubpath"},{"type":"MoveToPoint","points":[[17.23868453502655,19.652898056432605]]},{"type":"AddLine","points":[[263.81013023853302,19.652898056432605]]},{"type":"AddLine","points":[[263.81013023853302,160.13420514948666]]},{"type":"AddLine","points":[[17.23868453502655,160.13420514948666]]},{"type":"AddLine","points":[[17.23868453502655,19.652898056432605]]},{"type":"CloseSubpath"},{"type":"MoveToPoint","points":[[17.23868453502655,19.652898056432605]]}],"windingRule":0,"lineJoinStyle":0,"miterLimit":10},"isBackgroundTexture":true,"textBaseline":0,"isVerticalText":false,"textureType":5},"initialState":{"affineTransform":[1,0,0,1,0,0],"masksToBounds":false,"rotation":0,"scale":1,"position":{"pointX":139.27391052246094,"pointY":112.39157867431641},"width":281,"sublayerTransform":[1,0,0,0,0,1,0,0,0,0,1,0,0,0,0,1],"contentsRect":{"y":0,"x":0,"width":1,"height":1},"opacity":1,"edgeAntialiasingMask":0,"height":228,"hidden":true,"anchorPoint":{"pointX":0.49997301203500333,"pointY":0.50000003346225674}},"texture":"CC0394FB282A4E2733DF3A6585DC2653"}]}]},"effects":[],"duration":0.89999997615814209,"type":"transition","attributes":{"direction":0},"name":"apple:magic-move-implied-motion-path","objectID":"0"}],"automaticPlay":false,"hyperlinks":[],"accessibility":[{"text":"Benefits of ","targetRectangle":{"y":66.423179626464844,"x":829.93775982143211,"width":268.35480046638236,"height":57.407976508140564}},{"text":"Data Sharding","targetRectangle":{"y":123.94158500919315,"x":785.65631978256692,"width":346.94856050524754,"height":57.407976508140564}},{"text":"Increased storage Capacity","targetRectangle":{"y":494.58056640625,"x":327.99399897927037,"width":1296.5320020223858,"height":115.7999529838562}}],"baseLayer":{"animations":[],"initialState":{"affineTransform":[1,0,0,1,0,0],"masksToBounds":false,"rotation":0,"scale":1,"position":{"pointX":960,"pointY":540},"width":1920,"sublayerTransform":[1,0,0,0,0,1,0,0,0,0,1,0,0,0,0,1],"contentsRect":{"y":0,"x":0,"width":1,"height":1},"opacity":1,"edgeAntialiasingMask":251658240,"height":1080,"hidden":false,"anchorPoint":{"pointX":0.5,"pointY":0.5}},"objectID":"0","layers":[{"animations":[],"initialState":{"affineTransform":[1,0,0,1,0,0],"masksToBounds":false,"rotation":0,"scale":1,"position":{"pointX":960,"pointY":540},"width":1920,"sublayerTransform":[1,0,0,0,0,1,0,0,0,0,1,-0.00035007912466775983,0,0,0,1],"contentsRect":{"y":0,"x":0,"width":1,"height":1},"opacity":1,"edgeAntialiasingMask":251658240,"height":1080,"hidden":false,"anchorPoint":{"pointX":0.5,"pointY":0.5}},"layers":[{"animations":[],"initialState":{"affineTransform":[1,0,0,1,0,0],"masksToBounds":false,"rotation":0,"scale":1,"position":{"pointX":960,"pointY":540},"width":1920,"sublayerTransform":[1,0,0,0,0,1,0,0,0,0,1,0,0,0,0,1],"contentsRect":{"y":0,"x":0,"width":1,"height":1},"opacity":1,"edgeAntialiasingMask":251658240,"height":1080,"hidden":false,"anchorPoint":{"pointX":0.5,"pointY":0.5}},"layers":[{"animations":[],"layers":[],"texturedRectangle":{"isBackgroundTexture":true,"singleTextureOpacity":1,"textureType":1,"textBaseline":0,"textXHeight":0,"isVerticalText":false},"initialState":{"affineTransform":[1,0,0,1,0,0],"masksToBounds":false,"rotation":0,"scale":1,"position":{"pointX":960,"pointY":540},"width":1920,"sublayerTransform":[1,0,0,0,0,1,0,0,0,0,1,0,0,0,0,1],"contentsRect":{"y":0,"x":0,"width":1,"height":1},"opacity":1,"edgeAntialiasingMask":0,"height":1080,"hidden":false,"anchorPoint":{"pointX":0.5,"pointY":0.5}},"texture":"32D295946EB008DFB9C77B4CDB456AC1"}]}]},{"animations":[],"initialState":{"affineTransform":[1,0,0,1,0,0],"masksToBounds":false,"rotation":0,"scale":1,"position":{"pointX":960,"pointY":123.73958587646484},"width":1700.0220947265625,"sublayerTransform":[1,0,0,0,0,1,0,0,0,0,1,0,0,0,0,1],"contentsRect":{"y":0,"x":0,"width":1,"height":1},"opacity":1,"edgeAntialiasingMask":251658240,"height":122.6328125,"hidden":false,"anchorPoint":{"pointX":0.5,"pointY":0.5}},"layers":[{"animations":[],"layers":[],"texturedRectangle":{"singleTextureOpacity":1,"textXHeight":0.49215157894736844,"textBaseline":0.75192161671069147,"isBackgroundTexture":true,"isVerticalText":false,"textColor":[0.11887545138597488,0.59490293264389038,0.99351197481155396,1],"textureType":6},"initialState":{"affineTransform":[1,0,0,1,0,0],"masksToBounds":false,"rotation":0,"scale":1,"position":{"pointX":850.01104736328125,"pointY":61.316406250000007},"width":346,"sublayerTransform":[1,0,0,0,0,1,0,0,0,0,1,0,0,0,0,1],"contentsRect":{"y":0,"x":0,"width":1,"height":1},"opacity":1,"edgeAntialiasingMask":0,"height":57,"hidden":false,"anchorPoint":{"pointX":0.5,"pointY":-0.0045686688339499851}},"texture":"C195F05EE061031DE83B258C3F530CB1"}]},{"animations":[],"initialState":{"affineTransform":[1,0,0,1,0,0],"masksToBounds":false,"rotation":0,"scale":1,"position":{"pointX":960,"pointY":123.73958587646484},"width":1700.0220947265625,"sublayerTransform":[1,0,0,0,0,1,0,0,0,0,1,0,0,0,0,1],"contentsRect":{"y":0,"x":0,"width":1,"height":1},"opacity":1,"edgeAntialiasingMask":251658240,"height":122.6328125,"hidden":false,"anchorPoint":{"pointX":0.5,"pointY":0.5}},"layers":[{"animations":[],"layers":[],"texturedRectangle":{"singleTextureOpacity":1,"textXHeight":0.60984000000000005,"textBaseline":0.94219840803871979,"isBackgroundTexture":true,"isVerticalText":false,"textColor":[0.11887545138597488,0.59490293264389038,0.99351197481155396,1],"textureType":6},"initialState":{"affineTransform":[1,0,0,1,0,0],"masksToBounds":false,"rotation":0,"scale":1,"position":{"pointX":850.01104736328125,"pointY":61.316406250000007},"width":261,"sublayerTransform":[1,0,0,0,0,1,0,0,0,0,1,0,0,0,0,1],"contentsRect":{"y":0,"x":0,"width":1,"height":1},"opacity":1,"edgeAntialiasingMask":0,"height":46,"hidden":false,"anchorPoint":{"pointX":0.4942528735632184,"pointY":1.255208388618801}},"texture":"4358621D2F9672BDE42064DE264A19A0"}]},{"animations":[],"initialState":{"affineTransform":[1,0,0,1,0,0],"masksToBounds":false,"rotation":0,"scale":1,"position":{"pointX":960,"pointY":540.00000762939453},"width":1780.4425048828125,"sublayerTransform":[1,0,0,0,0,1,0,0,0,0,1,0,0,0,0,1],"contentsRect":{"y":0,"x":0,"width":1,"height":1},"opacity":1,"edgeAntialiasingMask":251658240,"height":148.83888244628906,"hidden":false,"anchorPoint":{"pointX":0.5,"pointY":0.5}},"layers":[{"animations":[],"layers":[],"texturedRectangle":{"singleTextureOpacity":1,"textXHeight":0.50128571428571433,"textBaseline":0.75339696982077187,"isBackgroundTexture":true,"isVerticalText":false,"textColor":[1,0,0.8456418514251709,1],"textureType":6},"initialState":{"affineTransform":[1,0,0,1,0,0],"masksToBounds":false,"rotation":0,"scale":1,"position":{"pointX":890.22125244140625,"pointY":74.419441223144531},"width":1296,"sublayerTransform":[1,0,0,0,0,1,0,0,0,0,1,0,0,0,0,1],"contentsRect":{"y":0,"x":0,"width":1,"height":1},"opacity":1,"edgeAntialiasingMask":0,"height":112,"hidden":false,"anchorPoint":{"pointX":0.48379629629629628,"pointY":0.38392863954816547}},"texture":"C586932E08493100C756463895741045"}]},{"animations":[],"initialState":{"affineTransform":[1,0,0,1,0,0],"masksToBounds":false,"rotation":0,"scale":1,"position":{"pointX":974.49235179564539,"pointY":540.00000459421426},"width":278.54781394285328,"sublayerTransform":[1,0,0,0,0,1,0,0,0,0,1,0,0,0,0,1],"contentsRect":{"y":0,"x":0,"width":1,"height":1},"opacity":1,"edgeAntialiasingMask":251658240,"height":224.78315127827227,"hidden":false,"anchorPoint":{"pointX":0.5,"pointY":0.5}},"layers":[{"animations":[],"layers":[],"texturedRectangle":{"singleTextureOpacity":1,"textXHeight":0,"shapePath":{"lineWidth":1,"flatness":0.59999999999999998,"lineCapStyle":0,"elements":[{"type":"MoveToPoint","points":[[7.2042452804744244,1.608428955078125]]},{"type":"AddCurve","points":[[3.9305565613673252,1.608428955078125],[1.2184538791022987,4.3205465705423194],[1.21844482421875,7.5942299235612154]]},{"type":"AddLine","points":[[1.21844482421875,186.60232870467007]]},{"type":"AddCurve","points":[[1.21844482421875,189.87602617326411],[3.9305266695637329,192.60993873492043],[7.2042452804744244,192.60989622212946]]},{"type":"AddLine","points":[[119.21489672735333,192.60989622212946]]},{"type":"AddLine","points":[[118.80133233219385,194.26415394432843]]},{"type":"AddLine","points":[[114.1215247027576,217.68496064282954]]},{"type":"AddLine","points":[[100.40860002115369,217.68496064282954]]},{"type":"AddLine","points":[[100.40860002115369,226.3915802333504]]},{"type":"AddLine","points":[[136.47576858848333,226.3915802333504]]},{"type":"AddLine","points":[[144.48585792630911,226.3915802333504]]},{"type":"AddLine","points":[[180.57479304075241,226.3915802333504]]},{"type":"AddLine","points":[[180.57479304075241,217.68496064282954]]},{"type":"AddLine","points":[[166.8618683591485,217.68496064282954]]},{"type":"AddLine","points":[[162.18206072971225,194.26415394432843]]},{"type":"AddLine","points":[[161.83379597589374,192.60989622212946]]},{"type":"AddLine","points":[[273.77914778143167,192.60989622212946]]},{"type":"AddCurve","points":[[277.05284496988315,192.60989622212946],[279.76490572490002,189.87596240407765],[279.76494823768735,186.60232870467007]]},{"type":"AddLine","points":[[279.76494823768735,7.5942299235612154]]},{"type":"AddCurve","points":[[279.83460543972978,4.3205409243122403],[277.11812335483046,1.6084164175454703],[273.84444742277265,1.608428955078125]]},{"type":"AddLine","points":[[7.2042452804744244,1.608428955078125]]},{"type":"CloseSubpath"},{"type":"MoveToPoint","points":[[140.52434635162354,7.2459651399403811]]},{"type":"AddCurve","points":[[141.98706256894002,7.2459651399403811],[143.17988635588335,8.369110564559378],[143.17986509948969,9.901484115049243]]},{"type":"AddCurve","points":[[143.17986509948969,11.364196471961691],[141.98699879975902,12.556999104583952],[140.52434635162354,12.557003090158105]]},{"type":"AddCurve","points":[[139.06163013430705,12.557003090158105],[137.86880634736372,11.364200457535844],[137.86882760375738,9.901484115049243]]},{"type":"AddCurve","points":[[137.86882760375738,8.4387717581367951],[139.06169390348805,7.2459691255145344],[140.52434635162354,7.2459651399403811]]},{"type":"CloseSubpath"},{"type":"MoveToPoint","points":[[17.2386234998703,19.652898056432605]]},{"type":"AddLine","points":[[263.81006920337677,19.652898056432605]]},{"type":"AddLine","points":[[263.81006920337677,160.13420514948666]]},{"type":"AddLine","points":[[17.2386234998703,160.13420514948666]]},{"type":"AddLine","points":[[17.2386234998703,19.652898056432605]]},{"type":"CloseSubpath"},{"type":"MoveToPoint","points":[[17.2386234998703,19.652898056432605]]}],"windingRule":0,"lineJoinStyle":0,"miterLimit":10},"isBackgroundTexture":true,"textBaseline":0,"isVerticalText":false,"textureType":5},"initialState":{"affineTransform":[1,0,0,1,0,0],"masksToBounds":false,"rotation":0,"scale":1,"position":{"pointX":139.27391052246094,"pointY":112.39157867431641},"width":281,"sublayerTransform":[1,0,0,0,0,1,0,0,0,0,1,0,0,0,0,1],"contentsRect":{"y":0,"x":0,"width":1,"height":1},"opacity":1,"edgeAntialiasingMask":0,"height":228,"hidden":true,"anchorPoint":{"pointX":0.49997279482804158,"pointY":0.50000003346225674}},"texture":"46340DD41F2F320FC1D79EE03416ADB4"}]},{"animations":[],"initialState":{"affineTransform":[1,0,0,1,0,0],"masksToBounds":false,"rotation":0,"scale":1,"position":{"pointX":1172.066650390625,"pointY":614.67596435546875},"width":100,"sublayerTransform":[1,0,0,0,0,1,0,0,0,0,1,0,0,0,0,1],"contentsRect":{"y":0,"x":0,"width":1,"height":1},"opacity":1,"edgeAntialiasingMask":251658240,"height":100,"hidden":false,"anchorPoint":{"pointX":0.5,"pointY":0.5}},"layers":[{"animations":[],"layers":[],"texturedRectangle":{"isBackgroundTexture":true,"singleTextureOpacity":1,"textureType":5,"textBaseline":0,"textXHeight":0,"isVerticalText":false},"initialState":{"affineTransform":[1,0,0,1,0,0],"masksToBounds":false,"rotation":0,"scale":1,"position":{"pointX":50,"pointY":50},"width":103,"sublayerTransform":[1,0,0,0,0,1,0,0,0,0,1,0,0,0,0,1],"contentsRect":{"y":0,"x":0,"width":1,"height":1},"opacity":1,"edgeAntialiasingMask":0,"height":103,"hidden":true,"anchorPoint":{"pointX":0.49579272223907767,"pointY":0.50170839180066751}},"texture":"2129DAF635AB135D4A85D9B7FB68E8F2"}]},{"animations":[],"initialState":{"affineTransform":[1,0,0,1,0,0],"masksToBounds":false,"rotation":0,"scale":1,"position":{"pointX":974.49235179564539,"pointY":540.00000459421426},"width":278.54781394285328,"sublayerTransform":[1,0,0,0,0,1,0,0,0,0,1,0,0,0,0,1],"contentsRect":{"y":0,"x":0,"width":1,"height":1},"opacity":1,"edgeAntialiasingMask":251658240,"height":224.78315127827227,"hidden":false,"anchorPoint":{"pointX":0.5,"pointY":0.5}},"layers":[{"animations":[],"layers":[],"texturedRectangle":{"singleTextureOpacity":1,"textXHeight":0,"shapePath":{"lineWidth":1,"flatness":0.59999999999999998,"lineCapStyle":0,"elements":[{"type":"MoveToPoint","points":[[7.2042452804744244,1.608428955078125]]},{"type":"AddCurve","points":[[3.9305565613673252,1.608428955078125],[1.2184538791022987,4.3205465705423194],[1.21844482421875,7.5942299235612154]]},{"type":"AddLine","points":[[1.21844482421875,186.60232870467007]]},{"type":"AddCurve","points":[[1.21844482421875,189.87602617326411],[3.9305266695637329,192.60993873492043],[7.2042452804744244,192.60989622212946]]},{"type":"AddLine","points":[[119.21489672735333,192.60989622212946]]},{"type":"AddLine","points":[[118.80133233219385,194.26415394432843]]},{"type":"AddLine","points":[[114.1215247027576,217.68496064282954]]},{"type":"AddLine","points":[[100.40860002115369,217.68496064282954]]},{"type":"AddLine","points":[[100.40860002115369,226.3915802333504]]},{"type":"AddLine","points":[[136.47576858848333,226.3915802333504]]},{"type":"AddLine","points":[[144.48585792630911,226.3915802333504]]},{"type":"AddLine","points":[[180.57479304075241,226.3915802333504]]},{"type":"AddLine","points":[[180.57479304075241,217.68496064282954]]},{"type":"AddLine","points":[[166.8618683591485,217.68496064282954]]},{"type":"AddLine","points":[[162.18206072971225,194.26415394432843]]},{"type":"AddLine","points":[[161.83379597589374,192.60989622212946]]},{"type":"AddLine","points":[[273.77914778143167,192.60989622212946]]},{"type":"AddCurve","points":[[277.05284496988315,192.60989622212946],[279.76490572490002,189.87596240407765],[279.76494823768735,186.60232870467007]]},{"type":"AddLine","points":[[279.76494823768735,7.5942299235612154]]},{"type":"AddCurve","points":[[279.83460543972978,4.3205409243122403],[277.11812335483046,1.6084164175454703],[273.84444742277265,1.608428955078125]]},{"type":"AddLine","points":[[7.2042452804744244,1.608428955078125]]},{"type":"CloseSubpath"},{"type":"MoveToPoint","points":[[140.52434635162354,7.2459651399403811]]},{"type":"AddCurve","points":[[141.98706256894002,7.2459651399403811],[143.17988635588335,8.369110564559378],[143.17986509948969,9.901484115049243]]},{"type":"AddCurve","points":[[143.17986509948969,11.364196471961691],[141.98699879975902,12.556999104583952],[140.52434635162354,12.557003090158105]]},{"type":"AddCurve","points":[[139.06163013430705,12.557003090158105],[137.86880634736372,11.364200457535844],[137.86882760375738,9.901484115049243]]},{"type":"AddCurve","points":[[137.86882760375738,8.4387717581367951],[139.06169390348805,7.2459691255145344],[140.52434635162354,7.2459651399403811]]},{"type":"CloseSubpath"},{"type":"MoveToPoint","points":[[17.2386234998703,19.652898056432605]]},{"type":"AddLine","points":[[263.81006920337677,19.652898056432605]]},{"type":"AddLine","points":[[263.81006920337677,160.13420514948666]]},{"type":"AddLine","points":[[17.2386234998703,160.13420514948666]]},{"type":"AddLine","points":[[17.2386234998703,19.652898056432605]]},{"type":"CloseSubpath"},{"type":"MoveToPoint","points":[[17.2386234998703,19.652898056432605]]}],"windingRule":0,"lineJoinStyle":0,"miterLimit":10},"isBackgroundTexture":true,"textBaseline":0,"isVerticalText":false,"textureType":5},"initialState":{"affineTransform":[1,0,0,1,0,0],"masksToBounds":false,"rotation":0,"scale":1,"position":{"pointX":139.27391052246094,"pointY":112.39157867431641},"width":281,"sublayerTransform":[1,0,0,0,0,1,0,0,0,0,1,0,0,0,0,1],"contentsRect":{"y":0,"x":0,"width":1,"height":1},"opacity":1,"edgeAntialiasingMask":0,"height":228,"hidden":true,"anchorPoint":{"pointX":0.49997279482804158,"pointY":0.50000003346225674}},"texture":"46340DD41F2F320FC1D79EE03416ADB4"}]},{"animations":[],"initialState":{"affineTransform":[1,0,0,1,0,0],"masksToBounds":false,"rotation":0,"scale":1,"position":{"pointX":1172.066650390625,"pointY":614.67596435546875},"width":100,"sublayerTransform":[1,0,0,0,0,1,0,0,0,0,1,0,0,0,0,1],"contentsRect":{"y":0,"x":0,"width":1,"height":1},"opacity":1,"edgeAntialiasingMask":251658240,"height":100,"hidden":false,"anchorPoint":{"pointX":0.5,"pointY":0.5}},"layers":[{"animations":[],"layers":[],"texturedRectangle":{"isBackgroundTexture":true,"singleTextureOpacity":1,"textureType":5,"textBaseline":0,"textXHeight":0,"isVerticalText":false},"initialState":{"affineTransform":[1,0,0,1,0,0],"masksToBounds":false,"rotation":0,"scale":1,"position":{"pointX":50,"pointY":50},"width":103,"sublayerTransform":[1,0,0,0,0,1,0,0,0,0,1,0,0,0,0,1],"contentsRect":{"y":0,"x":0,"width":1,"height":1},"opacity":1,"edgeAntialiasingMask":0,"height":103,"hidden":true,"anchorPoint":{"pointX":0.49579272223907767,"pointY":0.50170839180066751}},"texture":"2129DAF635AB135D4A85D9B7FB68E8F2"}]},{"animations":[],"initialState":{"affineTransform":[1,0,0,1,0,0],"masksToBounds":false,"rotation":0,"scale":1,"position":{"pointX":974.49235179564539,"pointY":540.00000459421426},"width":278.54781394285328,"sublayerTransform":[1,0,0,0,0,1,0,0,0,0,1,0,0,0,0,1],"contentsRect":{"y":0,"x":0,"width":1,"height":1},"opacity":1,"edgeAntialiasingMask":251658240,"height":224.78315127827227,"hidden":false,"anchorPoint":{"pointX":0.5,"pointY":0.5}},"layers":[{"animations":[],"layers":[],"texturedRectangle":{"singleTextureOpacity":1,"textXHeight":0,"shapePath":{"lineWidth":1,"flatness":0.59999999999999998,"lineCapStyle":0,"elements":[{"type":"MoveToPoint","points":[[7.2042452804744244,1.608428955078125]]},{"type":"AddCurve","points":[[3.9305565613673252,1.608428955078125],[1.2184538791022987,4.3205465705423194],[1.21844482421875,7.5942299235612154]]},{"type":"AddLine","points":[[1.21844482421875,186.60232870467007]]},{"type":"AddCurve","points":[[1.21844482421875,189.87602617326411],[3.9305266695637329,192.60993873492043],[7.2042452804744244,192.60989622212946]]},{"type":"AddLine","points":[[119.21489672735333,192.60989622212946]]},{"type":"AddLine","points":[[118.80133233219385,194.26415394432843]]},{"type":"AddLine","points":[[114.1215247027576,217.68496064282954]]},{"type":"AddLine","points":[[100.40860002115369,217.68496064282954]]},{"type":"AddLine","points":[[100.40860002115369,226.3915802333504]]},{"type":"AddLine","points":[[136.47576858848333,226.3915802333504]]},{"type":"AddLine","points":[[144.48585792630911,226.3915802333504]]},{"type":"AddLine","points":[[180.57479304075241,226.3915802333504]]},{"type":"AddLine","points":[[180.57479304075241,217.68496064282954]]},{"type":"AddLine","points":[[166.8618683591485,217.68496064282954]]},{"type":"AddLine","points":[[162.18206072971225,194.26415394432843]]},{"type":"AddLine","points":[[161.83379597589374,192.60989622212946]]},{"type":"AddLine","points":[[273.77914778143167,192.60989622212946]]},{"type":"AddCurve","points":[[277.05284496988315,192.60989622212946],[279.76490572490002,189.87596240407765],[279.76494823768735,186.60232870467007]]},{"type":"AddLine","points":[[279.76494823768735,7.5942299235612154]]},{"type":"AddCurve","points":[[279.83460543972978,4.3205409243122403],[277.11812335483046,1.6084164175454703],[273.84444742277265,1.608428955078125]]},{"type":"AddLine","points":[[7.2042452804744244,1.608428955078125]]},{"type":"CloseSubpath"},{"type":"MoveToPoint","points":[[140.52434635162354,7.2459651399403811]]},{"type":"AddCurve","points":[[141.98706256894002,7.2459651399403811],[143.17988635588335,8.369110564559378],[143.17986509948969,9.901484115049243]]},{"type":"AddCurve","points":[[143.17986509948969,11.364196471961691],[141.98699879975902,12.556999104583952],[140.52434635162354,12.557003090158105]]},{"type":"AddCurve","points":[[139.06163013430705,12.557003090158105],[137.86880634736372,11.364200457535844],[137.86882760375738,9.901484115049243]]},{"type":"AddCurve","points":[[137.86882760375738,8.4387717581367951],[139.06169390348805,7.2459691255145344],[140.52434635162354,7.2459651399403811]]},{"type":"CloseSubpath"},{"type":"MoveToPoint","points":[[17.2386234998703,19.652898056432605]]},{"type":"AddLine","points":[[263.81006920337677,19.652898056432605]]},{"type":"AddLine","points":[[263.81006920337677,160.13420514948666]]},{"type":"AddLine","points":[[17.2386234998703,160.13420514948666]]},{"type":"AddLine","points":[[17.2386234998703,19.652898056432605]]},{"type":"CloseSubpath"},{"type":"MoveToPoint","points":[[17.2386234998703,19.652898056432605]]}],"windingRule":0,"lineJoinStyle":0,"miterLimit":10},"isBackgroundTexture":true,"textBaseline":0,"isVerticalText":false,"textureType":5},"initialState":{"affineTransform":[1,0,0,1,0,0],"masksToBounds":false,"rotation":0,"scale":1,"position":{"pointX":139.27391052246094,"pointY":112.39157867431641},"width":281,"sublayerTransform":[1,0,0,0,0,1,0,0,0,0,1,0,0,0,0,1],"contentsRect":{"y":0,"x":0,"width":1,"height":1},"opacity":1,"edgeAntialiasingMask":0,"height":228,"hidden":true,"anchorPoint":{"pointX":0.49997279482804158,"pointY":0.50000003346225674}},"texture":"46340DD41F2F320FC1D79EE03416ADB4"}]},{"animations":[],"initialState":{"affineTransform":[1,0,0,1,0,0],"masksToBounds":false,"rotation":0,"scale":1,"position":{"pointX":1778.066650390625,"pointY":614.67596435546875},"width":100,"sublayerTransform":[1,0,0,0,0,1,0,0,0,0,1,0,0,0,0,1],"contentsRect":{"y":0,"x":0,"width":1,"height":1},"opacity":1,"edgeAntialiasingMask":251658240,"height":100,"hidden":false,"anchorPoint":{"pointX":0.5,"pointY":0.5}},"layers":[{"animations":[],"layers":[],"texturedRectangle":{"isBackgroundTexture":true,"singleTextureOpacity":1,"textureType":5,"textBaseline":0,"textXHeight":0,"isVerticalText":false},"initialState":{"affineTransform":[1,0,0,1,0,0],"masksToBounds":false,"rotation":0,"scale":1,"position":{"pointX":50,"pointY":50},"width":103,"sublayerTransform":[1,0,0,0,0,1,0,0,0,0,1,0,0,0,0,1],"contentsRect":{"y":0,"x":0,"width":1,"height":1},"opacity":1,"edgeAntialiasingMask":0,"height":103,"hidden":true,"anchorPoint":{"pointX":0.49579272223907767,"pointY":0.50170839180066751}},"texture":"2129DAF635AB135D4A85D9B7FB68E8F2"}]},{"animations":[],"initialState":{"affineTransform":[1,0,0,1,0,0],"masksToBounds":false,"rotation":0,"scale":1,"position":{"pointX":602.066650390625,"pointY":604.67596435546875},"width":100,"sublayerTransform":[1,0,0,0,0,1,0,0,0,0,1,0,0,0,0,1],"contentsRect":{"y":0,"x":0,"width":1,"height":1},"opacity":1,"edgeAntialiasingMask":251658240,"height":100,"hidden":false,"anchorPoint":{"pointX":0.5,"pointY":0.5}},"layers":[{"animations":[],"layers":[],"texturedRectangle":{"isBackgroundTexture":true,"singleTextureOpacity":1,"textureType":5,"textBaseline":0,"textXHeight":0,"isVerticalText":false},"initialState":{"affineTransform":[1,0,0,1,0,0],"masksToBounds":false,"rotation":0,"scale":1,"position":{"pointX":50,"pointY":50},"width":103,"sublayerTransform":[1,0,0,0,0,1,0,0,0,0,1,0,0,0,0,1],"contentsRect":{"y":0,"x":0,"width":1,"height":1},"opacity":1,"edgeAntialiasingMask":0,"height":103,"hidden":true,"anchorPoint":{"pointX":0.49579272223907767,"pointY":0.50170839180066751}},"texture":"2129DAF635AB135D4A85D9B7FB68E8F2"}]},{"animations":[],"initialState":{"affineTransform":[1,0,0,1,0,0],"masksToBounds":false,"rotation":0,"scale":1,"position":{"pointX":602.066650390625,"pointY":604.67596435546875},"width":100,"sublayerTransform":[1,0,0,0,0,1,0,0,0,0,1,0,0,0,0,1],"contentsRect":{"y":0,"x":0,"width":1,"height":1},"opacity":1,"edgeAntialiasingMask":251658240,"height":100,"hidden":false,"anchorPoint":{"pointX":0.5,"pointY":0.5}},"layers":[{"animations":[],"layers":[],"texturedRectangle":{"isBackgroundTexture":true,"singleTextureOpacity":1,"textureType":5,"textBaseline":0,"textXHeight":0,"isVerticalText":false},"initialState":{"affineTransform":[1,0,0,1,0,0],"masksToBounds":false,"rotation":0,"scale":1,"position":{"pointX":50,"pointY":50},"width":103,"sublayerTransform":[1,0,0,0,0,1,0,0,0,0,1,0,0,0,0,1],"contentsRect":{"y":0,"x":0,"width":1,"height":1},"opacity":1,"edgeAntialiasingMask":0,"height":103,"hidden":true,"anchorPoint":{"pointX":0.49579272223907767,"pointY":0.50170839180066751}},"texture":"2129DAF635AB135D4A85D9B7FB68E8F2"}]},{"animations":[],"initialState":{"affineTransform":[1,0,0,1,0,0],"masksToBounds":false,"rotation":0,"scale":1,"position":{"pointX":402.49235179564539,"pointY":541.00000459421426},"width":278.54781394285328,"sublayerTransform":[1,0,0,0,0,1,0,0,0,0,1,0,0,0,0,1],"contentsRect":{"y":0,"x":0,"width":1,"height":1},"opacity":1,"edgeAntialiasingMask":251658240,"height":224.78315127827227,"hidden":false,"anchorPoint":{"pointX":0.5,"pointY":0.5}},"layers":[{"animations":[],"layers":[],"texturedRectangle":{"singleTextureOpacity":1,"textXHeight":0,"shapePath":{"lineWidth":1,"flatness":0.59999999999999998,"lineCapStyle":0,"elements":[{"type":"MoveToPoint","points":[[7.2042452804744244,1.608428955078125]]},{"type":"AddCurve","points":[[3.9305565613673252,1.608428955078125],[1.2184538791022419,4.3205465705423194],[1.21844482421875,7.5942299235612154]]},{"type":"AddLine","points":[[1.21844482421875,186.60232870467007]]},{"type":"AddCurve","points":[[1.21844482421875,189.87602617326411],[3.9305266695637329,192.60993873492043],[7.2042452804744244,192.60989622212946]]},{"type":"AddLine","points":[[119.21489672735333,192.60989622212946]]},{"type":"AddLine","points":[[118.80133233219385,194.26415394432843]]},{"type":"AddLine","points":[[114.1215247027576,217.68496064282954]]},{"type":"AddLine","points":[[100.40860002115369,217.68496064282954]]},{"type":"AddLine","points":[[100.40860002115369,226.3915802333504]]},{"type":"AddLine","points":[[136.47576858848333,226.3915802333504]]},{"type":"AddLine","points":[[144.48585792630911,226.3915802333504]]},{"type":"AddLine","points":[[180.57479304075241,226.3915802333504]]},{"type":"AddLine","points":[[180.57479304075241,217.68496064282954]]},{"type":"AddLine","points":[[166.8618683591485,217.68496064282954]]},{"type":"AddLine","points":[[162.18206072971225,194.26415394432843]]},{"type":"AddLine","points":[[161.83379597589374,192.60989622212946]]},{"type":"AddLine","points":[[273.77914778143167,192.60989622212946]]},{"type":"AddCurve","points":[[277.05284496988315,192.60989622212946],[279.76490572490002,189.87596240407765],[279.76494823768735,186.60232870467007]]},{"type":"AddLine","points":[[279.76494823768735,7.5942299235612154]]},{"type":"AddCurve","points":[[279.83460543972978,4.3205409243122403],[277.11812335483046,1.6084164175454703],[273.84444742277265,1.608428955078125]]},{"type":"AddLine","points":[[7.2042452804744244,1.608428955078125]]},{"type":"CloseSubpath"},{"type":"MoveToPoint","points":[[140.52434635162354,7.2459651399403811]]},{"type":"AddCurve","points":[[141.98706256894002,7.2459651399403811],[143.17988635588335,8.369110564559378],[143.17986509948969,9.901484115049243]]},{"type":"AddCurve","points":[[143.17986509948969,11.364196471961691],[141.98699879975902,12.556999104583952],[140.52434635162354,12.557003090158105]]},{"type":"AddCurve","points":[[139.06163013430705,12.557003090158105],[137.86880634736372,11.364200457535844],[137.86882760375738,9.901484115049243]]},{"type":"AddCurve","points":[[137.86882760375738,8.4387717581367951],[139.06169390348805,7.2459691255145344],[140.52434635162354,7.2459651399403811]]},{"type":"CloseSubpath"},{"type":"MoveToPoint","points":[[17.2386234998703,19.652898056432605]]},{"type":"AddLine","points":[[263.81006920337677,19.652898056432605]]},{"type":"AddLine","points":[[263.81006920337677,160.13420514948666]]},{"type":"AddLine","points":[[17.2386234998703,160.13420514948666]]},{"type":"AddLine","points":[[17.2386234998703,19.652898056432605]]},{"type":"CloseSubpath"},{"type":"MoveToPoint","points":[[17.2386234998703,19.652898056432605]]}],"windingRule":0,"lineJoinStyle":0,"miterLimit":10},"isBackgroundTexture":true,"textBaseline":0,"isVerticalText":false,"textureType":5},"initialState":{"affineTransform":[1,0,0,1,0,0],"masksToBounds":false,"rotation":0,"scale":1,"position":{"pointX":139.27391052246094,"pointY":112.39157867431641},"width":281,"sublayerTransform":[1,0,0,0,0,1,0,0,0,0,1,0,0,0,0,1],"contentsRect":{"y":0,"x":0,"width":1,"height":1},"opacity":1,"edgeAntialiasingMask":0,"height":228,"hidden":true,"anchorPoint":{"pointX":0.49997279482804158,"pointY":0.50000003346225674}},"texture":"46340DD41F2F320FC1D79EE03416ADB4"}]},{"animations":[],"initialState":{"affineTransform":[1,0,0,1,0,0],"masksToBounds":false,"rotation":0,"scale":1,"position":{"pointX":1584.4924128308016,"pointY":540.00000459421426},"width":278.54781394285328,"sublayerTransform":[1,0,0,0,0,1,0,0,0,0,1,0,0,0,0,1],"contentsRect":{"y":0,"x":0,"width":1,"height":1},"opacity":1,"edgeAntialiasingMask":251658240,"height":224.78315127827227,"hidden":false,"anchorPoint":{"pointX":0.5,"pointY":0.5}},"layers":[{"animations":[],"layers":[],"texturedRectangle":{"singleTextureOpacity":1,"textXHeight":0,"shapePath":{"lineWidth":1,"flatness":0.59999999999999998,"lineCapStyle":0,"elements":[{"type":"MoveToPoint","points":[[7.2043063156306744,1.608428955078125]]},{"type":"AddCurve","points":[[3.9306175965234615,1.608428955078125],[1.2185149142585487,4.3205465705423194],[1.218505859375,7.5942299235612154]]},{"type":"AddLine","points":[[1.218505859375,186.60232870467007]]},{"type":"AddCurve","points":[[1.218505859375,189.87602617326411],[3.9305877047199829,192.60993873492043],[7.2043063156306744,192.60989622212946]]},{"type":"AddLine","points":[[119.21495776250958,192.60989622212946]]},{"type":"AddLine","points":[[118.8013933673501,194.26415394432843]]},{"type":"AddLine","points":[[114.12158573791385,217.68496064282954]]},{"type":"AddLine","points":[[100.40866105630994,217.68496064282954]]},{"type":"AddLine","points":[[100.40866105630994,226.3915802333504]]},{"type":"AddLine","points":[[136.47582962363958,226.3915802333504]]},{"type":"AddLine","points":[[144.48591896146536,226.3915802333504]]},{"type":"AddLine","points":[[180.57485407590866,226.3915802333504]]},{"type":"AddLine","points":[[180.57485407590866,217.68496064282954]]},{"type":"AddLine","points":[[166.86192939430475,217.68496064282954]]},{"type":"AddLine","points":[[162.1821217648685,194.26415394432843]]},{"type":"AddLine","points":[[161.83385701104999,192.60989622212946]]},{"type":"AddLine","points":[[273.77920881658792,192.60989622212946]]},{"type":"AddCurve","points":[[277.0529060050394,192.60989622212946],[279.76496676005627,189.87596240407765],[279.7650092728436,186.60232870467007]]},{"type":"AddLine","points":[[279.7650092728436,7.5942299235612154]]},{"type":"AddCurve","points":[[279.83466647488603,4.3205409243122403],[277.11818438998671,1.6084164175454703],[273.8445084579289,1.608428955078125]]},{"type":"AddLine","points":[[7.2043063156306744,1.608428955078125]]},{"type":"CloseSubpath"},{"type":"MoveToPoint","points":[[140.52440738677979,7.2459651399403811]]},{"type":"AddCurve","points":[[141.98712360409627,7.2459651399403811],[143.1799473910396,8.369110564559378],[143.17992613464594,9.901484115049243]]},{"type":"AddCurve","points":[[143.17992613464594,11.364196471961691],[141.98705983491527,12.556999104583952],[140.52440738677979,12.557003090158105]]},{"type":"AddCurve","points":[[139.0616911694633,12.557003090158105],[137.86886738251997,11.364200457535844],[137.86888863891363,9.901484115049243]]},{"type":"AddCurve","points":[[137.86888863891363,8.4387717581367951],[139.0617549386443,7.2459691255145344],[140.52440738677979,7.2459651399403811]]},{"type":"CloseSubpath"},{"type":"MoveToPoint","points":[[17.23868453502655,19.652898056432605]]},{"type":"AddLine","points":[[263.81013023853302,19.652898056432605]]},{"type":"AddLine","points":[[263.81013023853302,160.13420514948666]]},{"type":"AddLine","points":[[17.23868453502655,160.13420514948666]]},{"type":"AddLine","points":[[17.23868453502655,19.652898056432605]]},{"type":"CloseSubpath"},{"type":"MoveToPoint","points":[[17.23868453502655,19.652898056432605]]}],"windingRule":0,"lineJoinStyle":0,"miterLimit":10},"isBackgroundTexture":true,"textBaseline":0,"isVerticalText":false,"textureType":5},"initialState":{"affineTransform":[1,0,0,1,0,0],"masksToBounds":false,"rotation":0,"scale":1,"position":{"pointX":139.27391052246094,"pointY":112.39157867431641},"width":281,"sublayerTransform":[1,0,0,0,0,1,0,0,0,0,1,0,0,0,0,1],"contentsRect":{"y":0,"x":0,"width":1,"height":1},"opacity":1,"edgeAntialiasingMask":0,"height":228,"hidden":true,"anchorPoint":{"pointX":0.49997301203500333,"pointY":0.50000003346225674}},"texture":"CC0394FB282A4E2733DF3A6585DC2653"}]}]}}]}