{
  "project_info": {
    "project_number": "259890233146",
    "firebase_url": "https://livechat-f6eef-default-rtdb.firebaseio.com",
    "project_id": "livechat-f6eef",
    "storage_bucket": "livechat-f6eef.appspot.com"
  },
  "client": [
    {
      "client_info": {
        "mobilesdk_app_id": "1:259890233146:android:404b52aacbc010712eda03",
        "android_client_info": {
          "package_name": "com.usman.LCFire"
        }
      },
      "oauth_client": [
        {
          "client_id": "259890233146-sqs1h6u7bg1n04ra0ih9c3of7gmnvijb.apps.googleusercontent.com",
          "client_type": 3
        }
      ],
      "api_key": [
        {
          "current_key": "AIzaSyD7KoIRecIi4hXnsrNB-HH4sHoUt8f0i0Y"
        }
      ],
      "services": {
        "appinvite_service": {
          "other_platform_oauth_client": [
            {
              "client_id": "259890233146-sqs1h6u7bg1n04ra0ih9c3of7gmnvijb.apps.googleusercontent.com",
              "client_type": 3
            }
          ]
        }
      }
    }
  ],
  "configuration_version": "1"
}